,SPX,BOND,GOLD,OIL,USD
2023-05-01,0.2,0.2,0.3470160759277774,0.05298392407222266,0.2
2023-05-02,8.326672684688674e-17,0.2,0.7470160759277773,0.05298392407222265,0.0
2023-05-03,8.433647117805895e-17,0.2,0.7470160759277773,0.02255844084902033,0.03042548322320232
2023-05-04,8.436046596249043e-17,0.2,0.7695745167767977,6.938893903907228e-18,0.03042548322320232
2023-05-05,8.336068062188464e-17,1.534330271163101e-17,0.7695745167767977,0.23042548322320222,1.2699706887140981e-17
2023-05-08,8.336068062188464e-17,1.534330271163101e-17,0.7695745167767977,0.23042548322320222,1.2699706887140981e-17
2023-05-09,8.336068062188464e-17,1.534330271163101e-17,0.7695745167767977,0.23042548322320222,1.2699706887140981e-17
2023-05-10,8.336068062188464e-17,1.534330271163101e-17,0.7695745167767977,0.23042548322320222,1.2699706887140981e-17
2023-05-11,6.826968921429999e-17,6.245004513516504e-17,0.7695745167767974,0.0,0.23042548322320233
2023-05-12,6.82696892143e-17,6.245004513516506e-17,0.7695745167767976,0.0,0.23042548322320236
2023-05-15,6.82696892143e-17,6.245004513516506e-17,0.7695745167767976,0.0,0.23042548322320236
2023-05-16,0.7695745167767973,7.411877101654028e-17,0.0,9.194034422677075e-17,0.23042548322320247
2023-05-17,0.7695745167767973,7.411877101654028e-17,0.0,9.194034422677075e-17,0.23042548322320247
2023-05-18,2.775557561562891e-16,1.0945222419401124e-17,0.5576090127674954,0.2119655040093019,0.2304254832232024
2023-05-19,2.775557561562891e-16,1.0945222419401124e-17,0.5576090127674954,0.2119655040093019,0.2304254832232024
2023-05-22,0.5576090127674957,0.0,0.0,0.21196550400930192,0.2304254832232024
2023-05-23,0.5576090127674957,0.0,0.0,0.21196550400930192,0.2304254832232024
2023-05-24,0.24032291695218813,4.413368391536863e-19,0.0,0.21196550400930192,0.54771157903851
2023-05-25,2.9359300845043013e-16,0.2838134651747317,0.0,0.16847495578675814,0.54771157903851
2023-05-26,2.9650828903566435e-16,0.2838134651747317,0.21047604397518216,0.1882971438560283,0.3174133469940576
2023-05-30,2.967933630333326e-16,0.2838134651747317,0.2104760439751821,0.02963290068287134,0.47607759016721446
2023-05-31,3.0116389970756703e-16,0.2838134651747317,0.2104760439751821,0.08705484078825827,0.4186556500618276
2023-06-01,3.0116389970756703e-16,0.2838134651747317,0.2104760439751821,0.08705484078825827,0.4186556500618276
2023-06-02,3.0116389970756703e-16,0.2838134651747317,0.2104760439751821,0.08705484078825827,0.4186556500618276
2023-06-05,3.003913026627353e-16,0.2838134651747317,0.2975308847634404,0.0,0.4186556500618276
2023-06-06,0.17789890745578657,0.2838134651747317,0.2975308847634404,0.0,0.24075674260604135
2023-06-07,0.17789890745578657,0.2838134651747317,0.5382876273694818,5.1342577327017894e-18,0.0
2023-06-08,0.17789890745578657,0.2838134651747317,0.5382876273694818,5.1342577327017894e-18,0.0
2023-06-09,1.0408340855860843e-16,0.2838134651747317,0.5382876273694818,4.470183902054418e-18,0.17789890745578651
2023-06-12,1.0408340855860843e-16,0.2838134651747317,0.5382876273694818,4.470183902054418e-18,0.17789890745578651
2023-06-13,1.0446540399818639e-16,0.2838134651747317,0.47116017883921385,0.06712744853026785,0.17789890745578651
2023-06-14,1.0446540399818639e-16,0.2838134651747317,0.47116017883921385,0.06712744853026785,0.17789890745578651
2023-06-15,9.367506770274758e-17,0.2838134651747317,0.5382876273694815,6.657001339060997e-17,0.17789890745578651
2023-06-16,9.367506770274758e-17,0.2838134651747317,0.5382876273694815,6.657001339060997e-17,0.17789890745578651
2023-06-20,9.367506770274758e-17,0.2838134651747317,0.5382876273694815,6.657001339060997e-17,0.17789890745578651
2023-06-21,9.367506770274758e-17,0.2838134651747317,0.5382876273694815,6.657001339060997e-17,0.17789890745578651
2023-06-22,9.367506770274758e-17,0.2838134651747317,0.5382876273694815,6.657001339060997e-17,0.17789890745578651
2023-06-23,9.912820853818304e-17,0.2838134651747317,0.10341612205479697,0.283561007315094,0.32920940545537714
2023-06-26,9.912820853818304e-17,0.2838134651747317,0.10341612205479697,0.283561007315094,0.32920940545537714
2023-06-27,9.419859504937891e-17,0.2838134651747317,0.10341612205479699,0.6127704127704713,0.0
2023-06-28,9.419859504937891e-17,0.2838134651747317,0.10341612205479699,0.6127704127704713,0.0
2023-06-29,9.419859504937891e-17,0.2838134651747317,0.10341612205479699,0.6127704127704713,0.0
2023-06-30,1.0833921933991442e-16,0.2838134651747317,0.4526543035215239,0.26353223130374426,0.0
2023-07-03,1.0833921933991442e-16,0.2838134651747317,0.4526543035215239,0.26353223130374426,0.0
2023-07-05,2.4641915115323467e-17,0.28381346517473177,0.7161865348252681,2.1513729786280628e-16,0.0
2023-07-06,2.4641915115323467e-17,0.28381346517473177,0.7161865348252681,2.1513729786280628e-16,0.0
2023-07-07,8.393373398011182e-19,0.2838134651747316,0.42460433545979626,0.2915821993654722,0.0
2023-07-10,0.29158219936547214,0.2838134651747316,0.42460433545979626,0.0,6.938893903907228e-17
2023-07-11,0.29158219936547214,0.2838134651747316,0.42460433545979626,0.0,6.938893903907228e-17
2023-07-12,0.29158219936547214,0.2838134651747316,0.42460433545979626,0.0,6.938893903907228e-17
2023-07-13,0.29158219936547214,0.08711526268261811,0.6213025379519098,0.0,6.320001146025873e-17
2023-07-14,0.29158219936547214,0.08711526268261811,0.6213025379519098,0.0,6.320001146025873e-17
2023-07-17,0.29158219936547214,1.734723475976807e-17,0.6213025379519098,0.08711526268261816,0.0
2023-07-18,0.29158219936547214,1.734723475976807e-17,0.6213025379519098,0.08711526268261816,0.0
2023-07-19,0.29158219936547214,1.734723475976807e-17,0.6213025379519098,0.08711526268261816,0.0
2023-07-20,0.29158219936547214,0.08711526268261814,0.6213025379519097,0.0,1.07414814335726e-18
2023-07-21,0.29158219936547214,0.08711526268261814,0.6213025379519097,0.0,1.07414814335726e-18
2023-07-24,0.29158219936547214,0.08711526268261814,0.6213025379519097,0.0,1.07414814335726e-18
2023-07-25,0.29158219936547214,0.08711526268261817,0.12328986401563902,0.49801267393627063,2.616897821062287e-17
2023-07-26,0.29158219936547214,0.08711526268261817,0.12328986401563902,0.49801267393627063,2.616897821062287e-17
2023-07-27,0.29158219936547214,0.08711526268261817,0.12328986401563902,0.49801267393627063,2.616897821062287e-17
2023-07-28,0.7895948733017428,0.0871152626826179,0.12328986401563902,6.591949208711867e-17,6.305717554225155e-17
2023-07-31,0.7895948733017428,0.0871152626826179,0.12328986401563902,6.591949208711867e-17,6.305717554225155e-17
2023-08-01,0.7895948733017428,0.0871152626826179,0.12328986401563902,6.591949208711867e-17,6.305717554225155e-17
2023-08-02,0.7895948733017428,0.0871152626826179,0.12328986401563902,6.591949208711867e-17,6.305717554225155e-17
2023-08-03,0.7236503871600574,0.0871152626826179,0.1892343501573247,0.0,6.122991154030872e-17
2023-08-04,0.6485572277677866,5.5294310796760726e-18,0.034564149850126874,0.31687862238208653,0.0
2023-08-07,0.6485572277677866,0.0,0.1341808335740105,0.21726193865820292,1.1581413799901668e-18
2023-08-08,0.6485572277677866,0.0,0.3514427722322135,0.0,0.0
2023-08-09,0.6485572277677866,0.0,0.3514427722322135,0.0,0.0
2023-08-10,0.04962691057343804,3.469446951953614e-18,0.3514427722322135,2.1819568721270777e-18,0.5989303171943485
2023-08-11,0.04962691057343804,3.469446951953614e-18,0.3514427722322135,2.1819568721270777e-18,0.5989303171943485
2023-08-14,0.04962691057343804,3.469446951953614e-18,0.3514427722322135,2.1819568721270777e-18,0.5989303171943485
2023-08-15,0.04962691057343798,0.0,0.9503730894265621,0.0,0.0
2023-08-16,0.04962691057343798,0.0,0.9503730894265621,0.0,0.0
2023-08-17,0.04962691057343798,0.0,0.9503730894265621,0.0,0.0
2023-08-18,9.944916200316704e-17,1.2561727945046632e-17,0.46913463843421577,0.0,0.5308653615657841
2023-08-21,9.944916200316704e-17,1.2561727945046632e-17,0.46913463843421577,0.0,0.5308653615657841
2023-08-22,9.944916200316704e-17,1.2561727945046632e-17,0.46913463843421577,0.0,0.5308653615657841
2023-08-23,9.944916200316704e-17,1.2561727945046632e-17,0.46913463843421577,0.0,0.5308653615657841
2023-08-24,0.0,1.5751649559212872e-17,0.018990566261311237,0.4501440721729047,0.5308653615657841
2023-08-25,3.7142039058384e-19,4.548629525512357e-17,0.17175879459125798,0.29737584384295784,0.5308653615657841
2023-08-28,3.7142039058384e-19,4.548629525512357e-17,0.17175879459125798,0.29737584384295784,0.5308653615657841
2023-08-29,0.025755835992880304,4.260807730035346e-17,0.2135148728477124,0.2298639295936231,0.5308653615657841
2023-08-30,0.025755835992880314,1.941583755085526e-17,0.7443802344134967,0.22986392959362298,0.0
2023-08-31,0.025755835992880314,1.941583755085526e-17,0.7443802344134967,0.22986392959362298,0.0
2023-09-01,0.025755835992880314,1.941583755085526e-17,0.7443802344134967,0.22986392959362298,0.0
2023-09-05,1.0007687039176131e-17,1.6715125394299107e-17,0.2574367108859089,0.7425632891140911,0.0
2023-09-06,7.986976939085833e-17,0.742563289114091,0.257436710885909,0.0,0.0
2023-09-07,7.986976939085833e-17,0.742563289114091,0.257436710885909,0.0,0.0
2023-09-08,7.986976939085833e-17,0.742563289114091,0.257436710885909,0.0,0.0
2023-09-11,7.986976939085833e-17,0.742563289114091,0.257436710885909,0.0,0.0
2023-09-12,7.986976939085833e-17,0.742563289114091,0.257436710885909,0.0,0.0
2023-09-13,7.986976939085833e-17,0.742563289114091,0.257436710885909,0.0,0.0
2023-09-14,7.986976939085833e-17,0.742563289114091,0.257436710885909,0.0,0.0
2023-09-15,9.000342031383901e-17,0.742563289114091,0.0,0.25743671088590897,1.6037346514221415e-17
2023-09-18,2.3939643142446365e-17,0.45875199190447286,0.0,0.5412480080955272,2.570631703574848e-17
2023-09-19,0.39075702163965254,0.45875199190447286,0.0,0.15049098645587453,8.148851881012768e-17
2023-09-20,0.39075702163965254,0.45875199190447286,0.0,0.15049098645587453,8.148851881012768e-17
2023-09-21,0.39075702163965254,0.45875199190447286,0.0,0.15049098645587453,8.148851881012768e-17
2023-09-22,0.39075702163965254,0.45875199190447286,0.0,0.15049098645587453,8.148851881012768e-17
2023-09-25,0.39075702163965254,0.45875199190447286,0.0,0.15049098645587453,8.148851881012768e-17
2023-09-26,0.39075702163965254,0.45875199190447274,0.1504909864558746,0.0,1.283695372222837e-16
2023-09-27,0.3907570216396526,0.4587519919044728,0.15049098645587464,0.0,1.2836953722228372e-16
2023-09-28,0.3907570216396525,0.4587519919044727,0.1504909864558746,0.0,1.283695372222837e-16
2023-09-29,0.39075702163965254,0.45875199190447274,0.15049098645587464,0.0,1.2836953722228372e-16
2023-10-02,0.39075702163965254,0.45875199190447274,0.15049098645587464,0.0,1.2836953722228372e-16
2023-10-03,0.39075702163965254,0.45875199190447274,0.15049098645587464,0.0,1.2836953722228372e-16
2023-10-04,0.39075702163965254,0.45875199190447274,0.0,2.1007757201461863e-17,0.1504909864558748
2023-10-05,0.20602022999530437,0.5108589729168834,5.259210223354835e-18,0.1326298106319374,0.15049098645587483
2023-10-06,0.20602022999530437,0.5108589729168834,6.3588940764841554e-18,0.00416324018256159,0.2789575569052506
2023-10-09,0.20602022999530437,0.5108589729168834,6.3588940764841554e-18,0.00416324018256159,0.2789575569052506
2023-10-10,1.101225571477981e-17,0.25536399102489904,4.599770306761841e-19,0.46567845206985037,0.27895755690525065
2023-10-11,4.469413043941981e-17,0.6967717665239527,0.024270676570796845,0.0,0.2789575569052505
2023-10-12,4.469413043941981e-17,0.6967717665239527,0.024270676570796845,0.0,0.2789575569052505
2023-10-13,4.469413043941981e-17,0.6967717665239527,0.024270676570796845,0.0,0.2789575569052505
2023-10-16,4.469413043941981e-17,0.6967717665239527,0.024270676570796845,0.0,0.2789575569052505
2023-10-17,4.469413043941981e-17,0.6967717665239527,0.024270676570796845,0.0,0.2789575569052505
2023-10-18,4.469413043941981e-17,0.6967717665239527,0.024270676570796845,0.0,0.2789575569052505
2023-10-19,0.02427067657079688,0.6967717665239527,5.204170427930421e-18,0.0,0.2789575569052505
2023-10-20,0.02427067657079688,0.6967717665239527,5.204170427930421e-18,0.0,0.2789575569052505
2023-10-23,0.02427067657079688,0.6967717665239527,5.204170427930421e-18,0.0,0.2789575569052505
2023-10-24,0.02427067657079688,0.6967717665239527,5.204170427930421e-18,0.0,0.2789575569052505
2023-10-25,0.02427067657079688,0.6967717665239527,5.204170427930421e-18,0.0,0.2789575569052505
2023-10-26,0.02427067657079688,0.6967717665239527,5.204170427930421e-18,0.0,0.2789575569052505
2023-10-27,0.02427067657079689,0.6967717665239527,1.2836136730657758e-17,0.18169794995632968,0.0972596069489208
2023-10-30,0.02427067657079689,0.6967717665239527,1.3843469443664226e-17,0.14278405075048695,0.13617350615476354
2023-10-31,0.02427067657079689,0.6967717665239527,1.3843469443664226e-17,0.14278405075048695,0.13617350615476354
2023-11-01,0.16705472732128382,0.6967717665239527,2.5370330836160804e-17,0.0,0.13617350615476354
2023-11-02,0.16705472732128382,0.6967717665239527,0.13617350615476354,6.0187669470638385e-18,6.938893903907228e-17
2023-11-03,0.16705472732128382,0.6967717665239527,0.13617350615476354,6.0187669470638385e-18,6.938893903907228e-17
2023-11-06,1.3877787807814457e-17,0.6967717665239527,0.0,0.20660898519859355,0.09661924827745381
2023-11-07,1.512807232470066e-17,0.6967717665239527,0.1074295944679445,0.09917939073064905,0.09661924827745381
2023-11-08,1.512807232470066e-17,0.6967717665239527,0.1074295944679445,0.09917939073064905,0.09661924827745381
2023-11-09,1.512807232470066e-17,0.6967717665239527,0.1074295944679445,0.09917939073064905,0.09661924827745381
2023-11-10,1.512807232470066e-17,0.6967717665239527,0.1074295944679445,0.09917939073064905,0.09661924827745381
2023-11-13,1.2637539073118262e-17,0.6967717665239527,0.2066089851985935,6.245004513516506e-17,0.09661924827745381
2023-11-14,1.2637539073118262e-17,0.6967717665239527,0.2066089851985935,6.245004513516506e-17,0.09661924827745381
2023-11-15,4.532909630362401e-18,0.0,0.20660898519859355,0.7933910148014065,2.2489874607976603e-17
2023-11-16,5.89711689429762e-18,0.19300122685149212,0.7154281808224254,0.09157059232608242,4.418656680914848e-17
2023-11-17,5.89711689429762e-18,0.19300122685149212,0.7154281808224254,0.09157059232608242,4.418656680914848e-17
2023-11-20,5.89711689429762e-18,0.19300122685149212,0.7154281808224254,0.09157059232608242,4.418656680914848e-17
2023-11-21,5.89711689429762e-18,0.19300122685149212,0.7154281808224254,0.09157059232608242,4.418656680914848e-17
2023-11-22,5.89711689429762e-18,0.19300122685149212,0.7154281808224254,0.09157059232608242,4.418656680914848e-17
2023-11-24,0.09157059232608242,0.19300122685149215,0.7154281808224254,8.847089727481716e-17,4.465435897927123e-17
2023-11-27,0.07852992965831594,0.19300122685149215,0.6851809377616743,0.04328790572851765,4.4623915106745905e-17
2023-11-28,0.07852992965831594,0.19300122685149215,0.6851809377616743,0.04328790572851765,4.4623915106745905e-17
2023-11-29,0.12181783538683348,0.1930012268514921,0.6851809377616742,0.0,1.1449174941446924e-16
2023-11-30,0.1218178353868335,0.19300122685149212,0.6851809377616743,0.0,1.1449174941446927e-16
2023-12-01,0.12181783538683347,0.19300122685149207,0.6851809377616742,0.0,1.1449174941446924e-16
2023-12-04,0.12181783538683347,0.19300122685149207,6.951746485153576e-18,0.29047867806777244,0.39470225969390205
2023-12-05,0.12181783538683388,0.19300122685149215,1.582183227966975e-17,0.0,0.685180937761674
2023-12-06,0.12181783538683388,0.19300122685149215,1.582183227966975e-17,0.0,0.685180937761674
2023-12-07,0.12181783538683388,0.19300122685149215,1.582183227966975e-17,0.0,0.685180937761674
2023-12-08,0.12181783538683388,0.19300122685149215,1.582183227966975e-17,0.0,0.685180937761674
2023-12-11,0.12181783538683388,0.19300122685149215,1.582183227966975e-17,0.0,0.685180937761674
2023-12-12,0.12181783538683388,0.19300122685149215,1.582183227966975e-17,0.0,0.685180937761674
2023-12-13,0.1218178353868339,0.19300122685149218,1.8757954275359876e-17,0.15784084708336849,0.5273400906783056
2023-12-14,0.1218178353868339,0.19300122685149218,1.8757954275359876e-17,0.15784084708336849,0.5273400906783056
2023-12-15,0.1218178353868339,0.19300122685149218,1.8757954275359876e-17,0.15784084708336849,0.5273400906783056
2023-12-18,0.12181783538683388,0.19300122685149215,0.15784084708336849,1.3877787807814457e-17,0.5273400906783056
2023-12-19,0.12181783538683388,0.19300122685149215,0.15784084708336849,1.3877787807814457e-17,0.5273400906783056
2023-12-20,0.12181783538683388,0.19300122685149215,0.15784084708336849,1.3877787807814457e-17,0.5273400906783056
2023-12-21,0.12181783538683388,0.19300122685149215,0.15784084708336849,0.03806770203161651,0.48927238864668904
2023-12-22,0.12181783538683388,0.19300122685149215,0.15784084708336849,0.2390348600661592,0.2883052306121463
2023-12-26,0.12181783538683388,0.19300122685149215,0.39687570714952775,2.7755575615628914e-17,0.2883052306121463
2023-12-27,0.12181783538683388,0.19300122685149215,0.39687570714952775,2.7755575615628914e-17,0.2883052306121463
2023-12-28,0.0,0.19300122685149215,0.36963226686488265,0.149061275671479,0.2883052306121463
2023-12-29,0.0,0.19300122685149215,0.36963226686488265,0.149061275671479,0.2883052306121463
2024-01-02,0.0,0.19300122685149215,0.36963226686488265,0.149061275671479,0.2883052306121463
2024-01-03,0.0,0.19300122685149215,0.36963226686488265,0.149061275671479,0.2883052306121463
2024-01-04,0.0,0.19300122685149215,0.36963226686488265,0.149061275671479,0.2883052306121463
2024-01-05,0.0,0.19300122685149215,0.36963226686488265,0.149061275671479,0.2883052306121463
2024-01-08,0.0,0.19300122685149215,0.36963226686488265,0.149061275671479,0.2883052306121463
2024-01-09,0.0,0.19300122685149215,0.36963226686488265,0.149061275671479,0.2883052306121463
2024-01-10,0.0,0.19300122685149215,0.36963226686488265,0.149061275671479,0.2883052306121463
2024-01-11,4.62173191055156e-18,0.19300122685149212,0.5186935425363617,4.429088059538613e-17,0.2883052306121463
2024-01-12,4.62173191055156e-18,0.19300122685149212,0.5186935425363617,4.429088059538613e-17,0.2883052306121463
2024-01-16,0.0,0.19300122685149207,0.5186935425363616,0.16207606459032123,0.12622916602182502
2024-01-17,0.0,0.1930012268514921,0.5186935425363617,0.16207606459032126,0.12622916602182505
2024-01-18,4.162907480635685e-18,0.35507729144181327,0.5186935425363616,0.0,0.12622916602182527
2024-01-19,4.162907480635684e-18,0.3550772914418132,0.5186935425363615,0.0,0.12622916602182524
2024-01-22,4.162907480635685e-18,0.35507729144181327,0.5186935425363616,0.0,0.12622916602182527
2024-01-23,4.162907480635684e-18,0.3550772914418132,0.5186935425363615,0.0,0.12622916602182524
2024-01-24,4.162907480635685e-18,0.35507729144181327,0.5186935425363616,0.0,0.12622916602182527
2024-01-25,4.162907480635684e-18,0.3550772914418132,0.5186935425363615,0.0,0.12622916602182524
2024-01-26,4.162907480635685e-18,0.35507729144181327,0.5186935425363616,0.0,0.12622916602182527
2024-01-29,4.162907480635684e-18,0.3550772914418132,0.5186935425363615,0.0,0.12622916602182524
2024-01-30,0.0,0.0,7.389844517573388e-18,0.8737708339781748,0.12622916602182524
2024-01-31,3.1031676915590916e-18,6.913419739475398e-19,1.2249695826085938e-17,0.7811276970485977,0.2188723029514023
2024-02-01,3.1031676915590916e-18,6.913419739475398e-19,1.2249695826085938e-17,0.7811276970485977,0.2188723029514023
2024-02-02,0.0,5.177254107299553e-19,1.308763807428131e-17,0.7587674090567338,0.2412325909432663
2024-02-05,1.8656248441598e-18,0.0,0.1726894484105077,0.5860779606462261,0.2412325909432663
2024-02-06,6.206335383118182e-18,0.03530524840670013,0.17268944841050773,0.12281185089774174,0.6691934522850503
2024-02-07,6.206335383118182e-18,0.03530524840670013,0.17268944841050773,0.12281185089774174,0.6691934522850503
2024-02-08,6.206335383118182e-18,0.03530524840670013,0.17268944841050773,0.12281185089774174,0.6691934522850503
2024-02-09,0.0,3.287565002860977e-17,0.08985382496300078,0.9101461750369992,0.0
2024-02-12,0.8237292899815032,3.997717425838983e-17,0.08985382496300064,0.08641688505549606,6.451002926288753e-17
2024-02-13,0.8237292899815032,3.997717425838983e-17,0.08985382496300064,0.08641688505549606,6.451002926288753e-17
2024-02-14,0.8237292899815033,0.08641688505549587,0.08985382496300065,1.3693534483153628e-16,7.632783294297952e-17
2024-02-15,0.8237292899815033,0.08641688505549587,0.08985382496300065,1.3693534483153628e-16,7.632783294297952e-17
2024-02-16,0.8237292899815033,0.08641688505549587,0.08985382496300065,1.3693534483153628e-16,7.632783294297952e-17
2024-02-20,0.8237292899815033,0.08641688505549587,0.08985382496300065,1.3693534483153628e-16,7.632783294297952e-17
2024-02-21,0.8237292899815033,0.08641688505549587,0.08985382496300065,1.3693534483153628e-16,7.632783294297952e-17
2024-02-22,0.8237292899815033,0.08641688505549587,0.08985382496300065,1.3693534483153628e-16,7.632783294297952e-17
2024-02-23,0.8237292899815033,0.08641688505549587,0.08985382496300065,1.3693534483153628e-16,7.632783294297952e-17
2024-02-26,0.8237292899815033,0.08641688505549587,0.08985382496300065,1.3693534483153628e-16,7.632783294297952e-17
2024-02-27,0.8237292899815033,0.08641688505549587,0.08985382496300065,1.3693534483153628e-16,7.632783294297952e-17
2024-02-28,0.8237292899815031,0.0,5.22585447138013e-17,0.1762707100184968,0.0
2024-02-29,0.8237292899815032,0.0,5.225854471380131e-17,0.17627071001849684,0.0
2024-03-01,0.8237292899815032,0.0,0.085458843098762,0.09081186691973489,1.6618941822057147e-18
2024-03-04,0.8237292899815032,0.0,0.085458843098762,0.09081186691973489,1.6618941822057147e-18
2024-03-05,0.3609867333229015,4.163336342344337e-17,5.551115123125783e-17,0.6390132666770985,0.0
2024-03-06,0.3609867333229015,6.524829026386436e-17,5.615990180930889e-17,0.19941934046988158,0.4395939262072168
2024-03-07,0.3609867333229015,6.609303540482839e-17,5.827518174558521e-17,0.2811692960526808,0.35784397062441764
2024-03-08,1.1102230246251565e-16,1.0859710980269976e-17,0.36098673332290154,0.2811692960526808,0.35784397062441764
2024-03-11,1.1102230246251565e-16,1.0859710980269976e-17,0.36098673332290154,0.2811692960526808,0.35784397062441764
2024-03-12,1.1102230246251565e-16,1.0859710980269976e-17,0.36098673332290154,0.2811692960526808,0.35784397062441764
2024-03-13,1.1027914830746594e-16,1.7780915628762273e-17,0.6421560293755822,1.734723475976807e-18,0.35784397062441764
2024-03-14,1.1027914830746594e-16,1.7780915628762273e-17,0.6421560293755822,1.734723475976807e-18,0.35784397062441764
2024-03-15,1.1027914830746594e-16,1.7780915628762273e-17,0.6421560293755822,1.734723475976807e-18,0.35784397062441764
2024-03-18,1.1027914830746594e-16,1.7780915628762273e-17,0.6421560293755822,1.734723475976807e-18,0.35784397062441764
2024-03-19,1.1059909678982255e-16,5.816195433194729e-20,0.22075250192438353,0.4904124378523095,0.28883506022330696
2024-03-20,1.1059909678982255e-16,5.816195433194729e-20,0.22075250192438353,0.4904124378523095,0.28883506022330696
2024-03-21,0.0,0.0,0.0,0.4904124378523094,0.5095875621476905
2024-03-22,1.012411301833876e-17,1.5612511283791261e-16,0.49041243785230937,0.0,0.5095875621476904
2024-03-25,1.012411301833876e-17,1.5612511283791261e-16,0.49041243785230937,0.0,0.5095875621476904
2024-03-26,1.012411301833876e-17,1.5612511283791261e-16,0.49041243785230937,0.0,0.5095875621476904
2024-03-27,1.012411301833876e-17,1.5612511283791261e-16,0.49041243785230937,0.0,0.5095875621476904
2024-03-28,1.012411301833876e-17,1.5612511283791261e-16,0.49041243785230937,0.0,0.5095875621476904
2024-04-01,1.012411301833876e-17,1.5612511283791261e-16,0.49041243785230937,0.0,0.5095875621476904
2024-04-02,1.012411301833876e-17,1.5612511283791261e-16,0.49041243785230937,0.0,0.5095875621476904
2024-04-03,1.012411301833876e-17,1.5612511283791261e-16,0.49041243785230937,0.0,0.5095875621476904
2024-04-04,1.012411301833876e-17,1.5612511283791261e-16,0.49041243785230937,0.0,0.5095875621476904
2024-04-05,4.781362547218374e-18,2.0279291049368163e-16,0.16647282335537378,3.0264965153857764e-17,0.833527176644626
2024-04-08,4.781362547218374e-18,2.0279291049368163e-16,0.16647282335537378,3.0264965153857764e-17,0.833527176644626
2024-04-09,4.781362547218374e-18,2.0279291049368163e-16,0.16647282335537378,3.0264965153857764e-17,0.833527176644626
2024-04-10,4.781362547218374e-18,2.0279291049368163e-16,0.16647282335537378,3.0264965153857764e-17,0.833527176644626
2024-04-11,4.781362547218374e-18,2.0279291049368163e-16,0.16647282335537378,3.0264965153857764e-17,0.833527176644626
2024-04-12,4.781362547218374e-18,2.0279291049368163e-16,0.16647282335537378,3.0264965153857764e-17,0.833527176644626
2024-04-15,4.781362547218374e-18,2.0279291049368163e-16,0.16647282335537378,3.0264965153857764e-17,0.833527176644626
2024-04-16,4.781362547218374e-18,2.0279291049368163e-16,0.16647282335537378,3.0264965153857764e-17,0.833527176644626
2024-04-17,4.781362547218374e-18,2.0279291049368163e-16,0.16647282335537378,3.0264965153857764e-17,0.833527176644626
2024-04-18,5.423815233361468e-18,2.0273416726771523e-16,0.16647282335537378,0.07510486755565282,0.7584223090889732
2024-04-19,0.07510486755565282,2.0272418342530937e-16,0.16647282335537378,0.0,0.7584223090889732
2024-04-22,0.2415776909110265,2.249842092791524e-16,0.0,6.938893903907228e-18,0.7584223090889732
2024-04-23,0.2415776909110265,2.249842092791524e-16,0.0,6.938893903907228e-18,0.7584223090889732
2024-04-24,0.2415776909110265,2.249842092791524e-16,0.0,6.938893903907228e-18,0.7584223090889732
2024-04-25,0.2415776909110265,2.249842092791524e-16,0.0,6.938893903907228e-18,0.7584223090889732
2024-04-26,0.2415776909110265,2.249842092791524e-16,0.0,6.938893903907228e-18,0.7584223090889732
2024-04-29,0.2415776909110265,2.249842092791524e-16,0.0,6.938893903907228e-18,0.7584223090889732
2024-04-30,0.2415776909110265,2.249842092791524e-16,0.0,6.938893903907228e-18,0.7584223090889732
2024-05-01,0.2415776909110265,2.249842092791524e-16,0.0,6.938893903907228e-18,0.7584223090889732
2024-05-02,0.2415776909110265,2.227964819907149e-16,0.4698527701559634,0.0,0.2885695389330099
2024-05-03,0.2415776909110265,2.227964819907149e-16,0.4698527701559634,0.0,0.2885695389330099
2024-05-06,0.2415776909110265,2.227964819907149e-16,0.4698527701559634,0.0,0.2885695389330099
2024-05-07,0.2415776909110265,2.227964819907149e-16,0.4698527701559634,0.0,0.2885695389330099
2024-05-08,0.2415776909110265,2.227964819907149e-16,0.4698527701559634,0.0,0.2885695389330099
2024-05-09,0.2415776909110265,2.227964819907149e-16,0.4698527701559634,0.0,0.2885695389330099
2024-05-10,0.2415776909110265,2.2323171963232526e-16,0.45354115714225807,0.08686639432970611,0.21801475761700911
2024-05-13,0.2415776909110265,2.2323171963232526e-16,0.45354115714225807,0.08686639432970611,0.21801475761700911
2024-05-14,0.2415776909110265,2.2323171963232526e-16,0.45354115714225807,0.08686639432970611,0.21801475761700911
2024-05-15,0.2415776909110265,2.2323171963232526e-16,0.45354115714225807,0.08686639432970611,0.21801475761700911
2024-05-16,0.2415776909110265,2.2323171963232526e-16,0.45354115714225807,0.08686639432970611,0.21801475761700911
2024-05-17,0.2687816012961089,0.02711845818906088,0.4535411571422582,1.2316536679435333e-16,0.250558783372572
2024-05-20,0.2687816012961089,0.02711845818906088,0.4535411571422582,1.2316536679435333e-16,0.250558783372572
2024-05-21,0.2687816012961089,0.02711845818906088,0.4535411571422582,1.2316536679435333e-16,0.250558783372572
2024-05-22,0.2687816012961089,0.02711845818906088,0.4535411571422582,1.2316536679435333e-16,0.250558783372572
2024-05-23,0.2687816012961089,0.02711845818906088,0.4535411571422582,1.2316536679435333e-16,0.250558783372572
2024-05-24,0.2687816012961089,0.02711845818906088,1.6430955481688572e-16,2.697661198288932e-19,0.7040999405148302
2024-05-28,0.2687816012961089,0.02711845818906088,1.6430955481688572e-16,2.697661198288932e-19,0.7040999405148302
2024-05-29,0.2687816012961089,0.02711845818906088,1.6430955481688572e-16,2.697661198288932e-19,0.7040999405148302
2024-05-30,0.2687816012961089,0.02711845818906088,1.6430955481688572e-16,2.697661198288932e-19,0.7040999405148302
2024-05-31,0.2687816012961089,0.02711845818906088,1.6430955481688572e-16,2.697661198288932e-19,0.7040999405148302
2024-06-03,0.2687816012961089,0.02711845818906088,1.6430955481688572e-16,2.697661198288932e-19,0.7040999405148302
2024-06-04,0.2687816012961089,0.02711845818906088,1.6480144208027775e-16,0.1997683362095291,0.504331604305301
2024-06-05,0.4685499375056372,0.02711845818906106,2.1016166841273834e-16,0.0,0.5043316043053016
2024-06-06,0.4685499375056372,0.02711845818906106,2.1016166841273834e-16,0.0,0.5043316043053016
2024-06-07,0.4685499375056372,0.02711845818906106,2.1016166841273834e-16,0.0,0.5043316043053016
2024-06-10,0.4685499375056372,0.02711845818906106,2.1016166841273834e-16,0.0,0.5043316043053016
2024-06-11,0.4685499375056372,0.02711845818906106,2.1016166841273834e-16,0.0,0.5043316043053016
2024-06-12,0.4685499375056372,0.02711845818906106,2.1016166841273834e-16,0.0,0.5043316043053016
2024-06-13,0.4685499375056372,0.02711845818906106,2.1016166841273834e-16,0.0,0.5043316043053016
2024-06-14,0.4685499375056372,0.02711845818906106,2.1016166841273834e-16,0.0,0.5043316043053016
2024-06-17,0.4685499375056372,0.02711845818906106,2.1016166841273834e-16,0.0,0.5043316043053016
2024-06-18,0.4685499375056372,0.02711845818906106,2.1016166841273834e-16,0.0,0.5043316043053016
2024-06-20,0.4685499375056372,0.02711845818906106,2.1016166841273834e-16,0.0,0.5043316043053016
2024-06-21,0.4685499375056372,0.02711845818906107,2.4747274818466417e-16,0.24989945567838318,0.2544321486269184
2024-06-24,0.7184493931840202,0.02711845818906107,2.1069118948309343e-16,1.1102230246251565e-16,0.25443214862691843
2024-06-25,0.7184493931840202,0.02711845818906107,2.1069118948309343e-16,1.1102230246251565e-16,0.25443214862691843
2024-06-26,0.7184493931840202,0.02711845818906107,2.1069118948309343e-16,1.1102230246251565e-16,0.25443214862691843
2024-06-27,0.7184493931840202,0.02711845818906107,2.1069118948309343e-16,1.1102230246251565e-16,0.25443214862691843
2024-06-28,0.7184493931840202,0.02711845818906107,2.1069118948309343e-16,1.1102230246251565e-16,0.25443214862691843
2024-07-01,0.7184493931840202,0.02711845818906107,2.1069118948309343e-16,1.1102230246251565e-16,0.25443214862691843
2024-07-02,0.7184493931840202,0.02711845818906107,2.1069118948309343e-16,1.1102230246251565e-16,0.25443214862691843
2024-07-03,0.03089937088575423,0.027118458189061,0.6875500222982664,0.0,0.25443214862691843
2024-07-05,0.03089937088575423,0.027118458189061,0.6875500222982664,0.0,0.25443214862691843
2024-07-08,0.03089937088575423,0.027118458189061,0.6875500222982664,0.0,0.25443214862691843
2024-07-09,0.03089937088575423,0.027118458189061,0.6875500222982664,0.0,0.25443214862691843
2024-07-10,0.03089937088575423,0.027118458189061,0.6875500222982664,0.0,0.25443214862691843
2024-07-11,0.030899370885754267,0.027118458189061022,0.043510157594318255,0.644039864703948,0.25443214862691843
2024-07-12,0.03089937088575431,0.38218940775454796,0.043510157594318255,0.2889689151384612,0.25443214862691843
2024-07-15,0.03089937088575427,0.3821894077545479,0.3324790727327793,9.589873842658374e-17,0.25443214862691843
2024-07-16,0.03089937088575427,0.3821894077545479,0.4183942095494482,9.555968326538305e-17,0.16851701181024953
2024-07-17,0.03089937088575426,0.3821894077545478,0.0,0.41839420954944834,0.1685170118102495
2024-07-18,0.030899370885754247,0.3821894077545478,0.0,0.24380422348421754,0.3431069978754805
2024-07-19,0.030899370885754247,0.3821894077545478,0.0,0.24380422348421754,0.3431069978754805
2024-07-22,0.030899370885754247,0.3821894077545478,0.0,0.24380422348421754,0.3431069978754805
2024-07-23,0.03089937088575425,0.6259936312387652,0.0,1.424922523545272e-16,0.3431069978754805
2024-07-24,0.03089937088575425,0.6259936312387652,0.0,1.424922523545272e-16,0.3431069978754805
2024-07-25,0.03089937088575425,0.6259936312387652,0.0,1.424922523545272e-16,0.3431069978754805
2024-07-26,0.03089937088575425,0.6259936312387652,0.0,1.424922523545272e-16,0.3431069978754805
2024-07-29,0.03089937088575425,0.6259936312387652,0.0,1.424922523545272e-16,0.3431069978754805
2024-07-30,0.03089937088575425,0.6259936312387652,0.0,1.424922523545272e-16,0.3431069978754805
2024-07-31,0.03089937088575425,0.6259936312387652,0.0,1.424922523545272e-16,0.3431069978754805
2024-08-01,0.03089937088575425,0.6259936312387652,0.0,1.424922523545272e-16,0.3431069978754805
2024-08-02,0.03089937088575425,0.6259936312387652,0.0,1.424922523545272e-16,0.3431069978754805
2024-08-05,0.03089937088575425,0.6259936312387652,0.0,1.424922523545272e-16,0.3431069978754805
2024-08-06,0.03089937088575425,0.6259936312387652,0.0,1.424922523545272e-16,0.3431069978754805
2024-08-07,0.37400636876123494,0.6259936312387652,0.0,0.0,0.0
2024-08-08,0.09577366439583822,0.6259936312387652,1.6263032587282563e-18,0.2782327043653966,0.0
2024-08-09,0.09577366439583822,0.6259936312387652,1.6263032587282563e-18,0.2782327043653966,0.0
2024-08-12,0.09577366439583822,0.6259936312387652,1.6263032587282563e-18,0.2782327043653966,0.0
2024-08-13,0.09577366439583822,0.6259936312387652,1.6263032587282563e-18,0.2782327043653966,0.0
2024-08-14,0.09577366439583822,0.6259936312387652,1.6263032587282563e-18,0.2782327043653966,0.0
2024-08-15,0.37400636876123483,0.6259936312387652,0.0,0.0,1.7485624144199724e-17
2024-08-16,0.37400636876123483,0.6259936312387652,0.0,0.0,1.7485624144199724e-17
2024-08-19,0.37400636876123483,0.6259936312387652,0.0,0.0,1.7485624144199724e-17
2024-08-20,0.3740063687612349,0.25092669922152816,5.77369700610613e-19,0.375066932017237,1.686293085678569e-17
2024-08-21,0.3740063687612349,0.390807874582197,1.7428887262144013e-17,0.23518575665656807,1.3181881018667795e-17
2024-08-22,0.0,0.390807874582197,0.609192125417803,0.0,3.469446951953614e-17
2024-08-23,0.0,0.390807874582197,0.609192125417803,0.0,3.469446951953614e-17
2024-08-26,0.0,0.390807874582197,0.609192125417803,0.0,3.469446951953614e-17
2024-08-27,0.0,0.390807874582197,0.33163400783856606,0.277558117579237,3.6447355119653795e-17
2024-08-28,0.0,0.390807874582197,0.33163400783856606,0.277558117579237,3.6447355119653795e-17
2024-08-29,0.0,0.390807874582197,0.33163400783856606,0.277558117579237,3.6447355119653795e-17
2024-08-30,0.0,0.390807874582197,0.33163400783856606,0.24192001207255015,0.03563810550668689
2024-09-03,0.0,0.390807874582197,0.33163400783856606,0.24192001207255015,0.03563810550668689
2024-09-04,5.854691731421725e-18,0.6327278866547471,0.3316340078385661,0.0,0.03563810550668692
2024-09-05,5.854691731421723e-18,0.632727886654747,0.33163400783856606,0.0,0.03563810550668691
2024-09-06,0.035638105506687,0.632727886654747,0.33163400783856606,0.0,3.2959746043559335e-17
2024-09-09,0.035638105506687,0.632727886654747,0.33163400783856606,0.0,3.2959746043559335e-17
2024-09-10,0.035638105506687,0.632727886654747,0.33163400783856606,0.0,3.2959746043559335e-17
2024-09-11,0.035638105506687,0.632727886654747,0.189934913315696,0.1416990945228701,2.0718688652430906e-19
2024-09-12,0.17733720002955702,0.632727886654747,0.18993491331569598,0.0,2.2579320517119414e-17
2024-09-13,0.17733720002955702,0.632727886654747,0.0,1.611182200536604e-17,0.18993491331569606
2024-09-16,0.17733720002955702,0.632727886654747,0.0,1.611182200536604e-17,0.18993491331569606
2024-09-17,0.17733720002955702,0.632727886654747,0.0,1.611182200536604e-17,0.18993491331569606
2024-09-18,0.17733720002955702,0.632727886654747,0.0,1.611182200536604e-17,0.18993491331569606
2024-09-19,0.17733720002955702,0.632727886654747,0.0,1.611182200536604e-17,0.18993491331569606
2024-09-20,0.17733720002955702,0.632727886654747,0.0,1.611182200536604e-17,0.18993491331569606
2024-09-23,0.17733720002955702,0.632727886654747,0.0,1.611182200536604e-17,0.18993491331569606
2024-09-24,0.17733720002955702,0.632727886654747,0.0,1.611182200536604e-17,0.18993491331569606
2024-09-25,0.17733720002955702,0.632727886654747,0.0,1.611182200536604e-17,0.18993491331569606
2024-09-26,0.0,0.632727886654747,0.1773372000295569,1.5540346406977273e-17,0.18993491331569606
2024-09-27,0.0,0.632727886654747,0.1531266566334725,0.2141454567117805,0.0
2024-09-30,0.0,0.632727886654747,0.1531266566334725,0.2141454567117805,0.0
2024-10-01,0.0,0.632727886654747,0.3672721133452531,0.0,0.0
2024-10-02,0.0,0.6327278866547471,0.3358640603525706,0.031408052992682296,2.851843189646199e-19
2024-10-03,0.0,0.6327278866547471,0.3358640603525706,0.031408052992682296,2.851843189646199e-19
2024-10-04,0.0,0.6327278866547471,0.3358640603525706,0.031408052992682296,2.851843189646199e-19
2024-10-07,0.0,0.6327278866547471,0.3358640603525706,0.031408052992682296,2.851843189646199e-19
2024-10-08,0.0,0.6327278866547471,0.3358640603525706,0.031408052992682296,2.851843189646199e-19
2024-10-09,0.0,0.6327278866547471,0.3358640603525706,0.031408052992682296,2.851843189646199e-19
2024-10-10,0.0,0.6327278866547471,0.3358640603525706,0.031408052992682296,2.851843189646199e-19
2024-10-11,0.0,0.6327278866547471,0.3358640603525706,0.031408052992682296,2.851843189646199e-19
2024-10-14,0.0,0.6327278866547471,0.3358640603525706,0.031408052992682296,2.851843189646199e-19
2024-10-15,0.0,0.0,0.33586406035257066,0.6641359396474295,3.823010299639152e-17
2024-10-16,0.0,0.4238569127111981,0.3358640603525706,0.24027902693623146,3.229095010334494e-17
2024-10-17,0.0,0.4238569127111981,0.3358640603525706,0.24027902693623146,3.229095010334494e-17
2024-10-18,0.0,0.4238569127111981,0.3358640603525706,0.24027902693623146,3.229095010334494e-17
2024-10-21,3.0411079909383054e-18,0.4238569127111981,0.143358776678278,0.4327843106105239,3.9961413716909064e-17
2024-10-22,3.0411079909383054e-18,0.4238569127111981,0.143358776678278,0.4327843106105239,3.9961413716909064e-17
2024-10-23,0.0,0.4238569127111981,0.143358776678278,0.33697966095181164,0.09580464965871231
2024-10-24,0.0,0.4238569127111981,0.143358776678278,0.33697966095181164,0.09580464965871231
2024-10-25,0.0,0.4238569127111981,0.143358776678278,0.33697966095181164,0.09580464965871231
2024-10-28,0.0,0.4238569127111981,0.143358776678278,0.33697966095181164,0.09580464965871231
2024-10-29,0.0,0.4238569127111981,0.143358776678278,0.33697966095181164,0.09580464965871231
2024-10-30,3.1231713260786007e-18,0.42385691271119813,6.93889390390723e-18,0.48033843763008965,0.09580464965871233
2024-10-31,0.09813845776320998,0.42385691271119824,0.0,0.3821999798668796,0.09580464965871235
2024-11-01,0.47721758794836494,0.4238569127111983,0.0,0.003120849681724471,0.0958046496587124
2024-11-04,0.47721758794836483,0.4238569127111982,0.0,0.00312084968172447,0.09580464965871237
2024-11-05,0.4772175879483649,0.42385691271119824,0.0,0.0031208496817244705,0.09580464965871238
2024-11-06,0.47721758794836494,0.4238569127111983,0.0,0.003120849681724471,0.0958046496587124
2024-11-07,0.47721758794836494,0.0793723723851624,2.771839772195716e-18,0.3476053900077605,0.09580464965871226
2024-11-08,0.716979293920073,0.0793723723851624,1.5178830414797062e-18,0.10784368403605242,0.0958046496587123
2024-11-11,0.6183036772384279,0.07937237238516236,0.20651930071769736,6.045695153636335e-18,0.09580464965871227
2024-11-12,0.5007552820622092,0.0,0.18587952521719808,0.21756054306188052,0.09580464965871227
2024-11-13,0.5007552820622092,0.0,0.40344006827907863,1.734723475976807e-18,0.09580464965871227
2024-11-14,0.5007552820622092,0.0,0.40344006827907863,1.734723475976807e-18,0.09580464965871227
2024-11-15,0.35910662410125066,0.0,0.40344006827907863,0.1416486579609585,0.09580464965871227
2024-11-18,0.35910662410125066,0.0,0.40344006827907863,0.1416486579609585,0.09580464965871227
2024-11-19,0.35910662410125066,0.0,0.0,0.14164865796095852,0.4992447179377909
2024-11-20,0.4070562593285577,1.734723475976807e-18,0.0,0.0936990227336515,0.4992447179377909
2024-11-21,0.4070562593285577,0.09369755949607034,1.463237581139816e-06,7.672414280090043e-19,0.4992447179377909
2024-11-22,0.4070562593285577,0.09369755949607034,1.463237581139816e-06,7.672414280090043e-19,0.4992447179377909
2024-11-25,0.4070562593285577,0.09369755949607034,1.463237581139816e-06,7.672414280090043e-19,0.4992447179377909
2024-11-26,0.4070562593285577,0.047085843053662445,0.0,0.046613179679989056,0.4992447179377909
2024-11-27,0.4070562593285577,0.04708584305366238,0.499244717937791,0.0466131796799889,5.551115123125783e-17
2024-11-29,0.4070562593285577,0.04708584305366238,0.499244717937791,0.0466131796799889,5.551115123125783e-17
2024-12-02,0.4070562593285577,0.04708584305366238,0.499244717937791,0.0466131796799889,5.551115123125783e-17
2024-12-03,0.4070562593285577,0.04708584305366238,0.499244717937791,0.0466131796799889,5.551115123125783e-17
2024-12-04,0.28182409532420777,0.0,0.49924471793779096,0.2189311867380013,0.0
2024-12-05,1.1102230246251565e-16,1.6696590981847322e-17,0.7810688132619986,0.21893118673800127,0.0
2024-12-06,1.1102230246251565e-16,1.6696590981847322e-17,0.7810688132619986,0.21893118673800127,0.0
2024-12-09,1.0499881668575389e-16,0.0,1.0,2.984947707133306e-17,4.219185587461287e-18
2024-12-10,0.07735238358609478,8.673617379884035e-19,0.9226476164139052,3.967564425299261e-17,1.2098412222543605e-18
2024-12-11,0.07735238358609478,8.673617379884035e-19,0.9226476164139052,3.967564425299261e-17,1.2098412222543605e-18
2024-12-12,0.07735238358609478,8.673617379884035e-19,0.9226476164139052,3.967564425299261e-17,1.2098412222543605e-18
2024-12-13,0.07735238358609478,8.673617379884035e-19,0.9226476164139052,3.967564425299261e-17,1.2098412222543605e-18
2024-12-16,0.07735238358609478,8.673617379884035e-19,0.9226476164139052,3.967564425299261e-17,1.2098412222543605e-18
2024-12-17,0.07735238358609478,8.673617379884035e-19,0.9226476164139052,3.967564425299261e-17,1.2098412222543605e-18
2024-12-18,0.07735238358609478,8.673617379884035e-19,0.9226476164139052,3.967564425299261e-17,1.2098412222543605e-18
2024-12-19,4.965068306494546e-17,2.679590840626773e-17,0.5507941388063614,8.88738573375252e-17,0.4492058611936385
2024-12-20,4.965068306494546e-17,2.679590840626773e-17,0.5507941388063614,8.88738573375252e-17,0.4492058611936385
2024-12-23,4.965068306494546e-17,2.679590840626773e-17,0.5507941388063614,8.88738573375252e-17,0.4492058611936385
2024-12-24,4.965068306494546e-17,2.679590840626773e-17,0.5507941388063614,8.88738573375252e-17,0.4492058611936385
2024-12-26,4.965068306494546e-17,2.679590840626773e-17,0.5507941388063614,8.88738573375252e-17,0.4492058611936385
2024-12-27,4.965068306494546e-17,2.679590840626773e-17,0.5507941388063614,8.88738573375252e-17,0.4492058611936385
2024-12-30,4.773544675531133e-17,1.5430417458033337e-17,0.0,4.129023841791671e-18,1.0
2024-12-31,4.773544675531133e-17,1.5430417458033337e-17,0.0,4.129023841791671e-18,1.0
2025-01-02,7.114189873153877e-06,5.122431748520381e-18,0.2488755154451359,0.0,0.751117370364991
2025-01-03,7.114189873153877e-06,5.122431748520381e-18,0.2488755154451359,0.0,0.751117370364991
2025-01-06,7.114189873153877e-06,5.122431748520381e-18,0.2488755154451359,0.0,0.751117370364991
2025-01-07,7.114189873153877e-06,5.122431748520381e-18,0.2488755154451359,0.0,0.751117370364991
2025-01-08,7.114189873153877e-06,5.122431748520381e-18,0.2488755154451359,0.0,0.751117370364991
2025-01-10,7.114189873153877e-06,5.122431748520381e-18,0.2488755154451359,0.0,0.751117370364991
2025-01-13,7.114189873153877e-06,5.122431748520381e-18,0.2488755154451359,0.0,0.751117370364991
2025-01-14,7.114189873153877e-06,5.122431748520381e-18,0.2488755154451359,0.0,0.751117370364991
2025-01-15,7.114189873153877e-06,5.122431748520381e-18,0.2488755154451359,0.0,0.751117370364991
2025-01-16,7.114189873153877e-06,5.122431748520381e-18,0.2488755154451359,0.0,0.751117370364991
2025-01-17,5.346502281046983e-18,0.0,0.0,0.24888262963500907,0.751117370364991
2025-01-21,2.265312414838136e-16,0.0,0.9999999999999998,0.0,0.0
2025-01-22,2.309946764986542e-16,5.919207382068371e-18,0.0,0.11306959769579031,0.8869304023042095
2025-01-23,2.309946764986542e-16,5.919207382068371e-18,0.0,0.11306959769579031,0.8869304023042095
2025-01-24,2.309946764986542e-16,5.919207382068371e-18,0.0,0.11306959769579031,0.8869304023042095
2025-01-27,0.28245542546246283,2.6020852139652106e-18,6.6461690677385e-19,5.868787334704261e-18,0.7175445745375372
2025-01-28,0.28245542546246283,0.0,0.47149563943955297,0.0,0.2460489350979842
2025-01-29,0.28245542546246283,0.0,0.47149563943955297,0.0,0.2460489350979842
2025-01-30,0.28245542546246283,0.0,0.47149563943955297,0.0,0.2460489350979842
2025-01-31,0.28245542546246283,0.0,0.47149563943955297,0.0,0.2460489350979842
2025-02-03,0.28245542546246283,0.0,0.47149563943955297,0.0,0.2460489350979842
2025-02-04,0.40375772263084087,0.0,0.47149563943955297,0.0,0.12474663792960622
2025-02-05,0.4037758116813869,3.888192799974218e-17,0.15922394810987012,0.3122536022791368,0.12474663792960622
2025-02-06,0.057846375935326516,3.9098768434239283e-17,0.15922394810987012,0.5021515551429216,0.28077812081188175
2025-02-07,0.057846375935326544,7.090682208055199e-17,0.6613755032527914,1.7890068287327166e-16,0.28077812081188175
2025-02-10,0.057846375935326544,7.498475666475818e-17,0.6085758037197276,0.05279969953306392,0.28077812081188175
2025-02-11,0.08481969205904125,7.465581853603018e-17,0.6085758037197276,1.734723475976807e-17,0.30660450422123103
2025-02-12,0.08481969205904125,7.465581853603018e-17,0.6085758037197276,1.734723475976807e-17,0.30660450422123103
2025-02-13,0.08481969205904125,7.465581853603018e-17,0.6085758037197276,1.734723475976807e-17,0.30660450422123103
2025-02-14,0.08481969205904125,7.465581853603018e-17,0.6085758037197276,1.734723475976807e-17,0.30660450422123103
2025-02-18,0.6933954957787688,6.973625117837721e-17,0.0,4.415413347447217e-17,0.3066045042212312
2025-02-19,0.6933954957787688,6.973625117837721e-17,0.0,4.415413347447217e-17,0.3066045042212312
2025-02-20,0.6933954957787688,6.973625117837721e-17,0.0,4.415413347447217e-17,0.3066045042212312
2025-02-21,0.6933954957787688,6.973625117837721e-17,0.0,4.415413347447217e-17,0.3066045042212312
2025-02-24,0.33917325467130793,3.5017886259176084e-17,0.3542222411074609,0.0,0.30660450422123114
2025-02-25,0.33917325467130793,4.1000587771299286e-17,0.3542222411074609,0.25671533305245653,0.049889171168774615
2025-02-26,0.33917325467130793,4.1000587771299286e-17,0.3542222411074609,0.25671533305245653,0.049889171168774615
2025-02-27,0.33917325467130793,0.25671533305245636,0.35422224110746103,0.0,0.049889171168774844
2025-02-28,0.3391732546713079,0.2567153330524563,0.354222241107461,0.0,0.04988917116877483
2025-03-03,0.3391732546713079,0.2567153330524563,0.354222241107461,0.0,0.04988917116877483
2025-03-04,0.529941441068334,0.1158363178242051,0.354222241107461,2.0328790734103208e-19,9.703609443745265e-18
2025-03-05,0.5299414410683341,0.1782699062315019,0.07601968183335299,4.4909779687641504e-17,0.21576897086681113
2025-03-06,0.5299414410683341,0.1782699062315019,0.07601968183335299,4.4909779687641504e-17,0.21576897086681113
2025-03-07,0.5299414410683341,0.1782699062315019,0.07601968183335299,4.4909779687641504e-17,0.21576897086681113
2025-03-10,0.5299414410683341,0.1782699062315019,0.07601968183335299,4.4909779687641504e-17,0.21576897086681113
2025-03-11,0.5299414410683341,0.1782699062315019,0.07601968183335299,4.4909779687641504e-17,0.21576897086681113
2025-03-12,0.5299414410683341,0.1782699062315019,0.07601968183335299,4.4909779687641504e-17,0.21576897086681113
2025-03-13,0.6059611229016869,0.1782699062315019,0.0,5.0090233193048805e-17,0.21576897086681113
2025-03-14,0.8217300937684981,0.1782699062315019,0.0,5.002534326829415e-17,1.572041608027649e-17
2025-03-17,0.8217300937684981,0.1782699062315019,0.0,5.002534326829415e-17,1.572041608027649e-17
2025-03-18,0.3942329880569278,0.1782699062315019,5.724587470723463e-17,0.4274971057115702,0.0
2025-03-19,0.6756200447208076,6.405848175795126e-17,1.6084366227862058e-18,0.3243799552791924,8.113649657699232e-18
2025-03-20,0.6756200447208076,0.15105898733322773,3.903127820947816e-18,7.971797359337269e-17,0.1733209679459646
2025-03-21,0.6756200447208076,0.15105898733322773,3.903127820947816e-18,7.971797359337269e-17,0.1733209679459646
2025-03-24,0.6756200447208076,0.15105898733322773,3.903127820947816e-18,7.971797359337269e-17,0.1733209679459646
2025-03-25,0.6756200447208076,0.15105898733322773,3.903127820947816e-18,7.971797359337269e-17,0.1733209679459646
2025-03-26,0.6756200447208076,0.15105898733322773,3.903127820947816e-18,7.971797359337269e-17,0.1733209679459646
2025-03-27,0.6112103649285326,0.15105898733322773,6.632048202826845e-18,7.757476046264498e-17,0.23773064773823943
2025-03-28,0.6112103649285326,0.15105898733322773,6.632048202826845e-18,7.757476046264498e-17,0.23773064773823943
2025-03-31,0.6112103649285326,0.15105898733322773,6.632048202826845e-18,7.757476046264498e-17,0.23773064773823943
2025-04-01,0.6112103649285326,0.15105898733322773,6.632048202826845e-18,7.757476046264498e-17,0.23773064773823943
2025-04-02,0.19267085671095252,0.1510589873332277,0.6562701559558198,2.3945523191181326e-18,0.0
2025-04-03,0.039224332580515886,0.0,0.6156354748494045,0.3451401925700797,1.734723475976807e-18
2025-04-04,0.03922433258051589,0.037087178246877704,0.42285816773680274,0.0,0.5008303214358036
2025-04-07,0.0,0.03708717824687773,0.1779701263476789,0.0,0.7849426954054435
2025-04-08,5.333569469867188e-19,4.677849863367184e-19,5.911898181963434e-18,0.23219529389094343,0.7678047061090566
2025-04-09,5.333569469867188e-19,4.677849863367184e-19,5.911898181963434e-18,0.23219529389094343,0.7678047061090566
2025-04-10,3.723801229870909e-17,0.6392491246659582,0.34520683571855126,1.1383336016806342e-16,0.015544039615490474
2025-04-11,3.723801229870909e-17,0.6392491246659582,0.34520683571855126,1.1383336016806342e-16,0.015544039615490474
2025-04-14,3.723801229870909e-17,0.6392491246659582,0.34520683571855126,1.1383336016806342e-16,0.015544039615490474
2025-04-15,2.3523442873443142e-17,0.4662236204865602,0.34520683571855126,0.18856954379488855,0.0
2025-04-16,0.1554879352160089,0.4662236204865602,0.34520683571855126,0.03308160857887968,1.5680273919571608e-17
2025-04-17,0.21620587017024498,0.4662236204865602,0.317570509343195,9.90960785651751e-17,0.0
2025-04-21,0.21620587017024498,0.4662236204865602,0.317570509343195,9.90960785651751e-17,0.0
2025-04-22,0.3398808536012785,0.3425486370555265,0.317570509343195,2.168404344971009e-18,1.3335686721571705e-17
2025-04-23,0.24218518404984363,0.2018626445663175,0.31757050934319503,0.23838166204064393,1.1316360175317453e-17
2025-04-24,0.24218518404984363,0.2018626445663175,0.31757050934319503,0.23838166204064393,1.1316360175317453e-17
2025-04-25,0.41734553962477167,0.20186264456631753,0.3175705093431951,0.0632213064657158,6.067689504845559e-18
2025-04-28,0.41734553962477156,0.20186264456631747,0.31757050934319503,0.06322130646571579,6.0676895048455575e-18
2025-04-29,0.41734553962477156,0.20186264456631747,0.11650723080424667,0.06322130646571583,0.20106327853894856
2025-04-30,0.41734553962477156,0.20186264456631747,0.11650723080424667,0.06322130646571583,0.20106327853894856
2025-05-01,0.41734553962477156,0.20186264456631747,0.11650723080424667,0.06322130646571583,0.20106327853894856
2025-05-02,0.41734553962477144,0.20186264456631742,0.3175705093431952,0.06322130646571582,0.0
2025-05-05,0.41734553962477144,0.01028777355406272,0.3175705093431952,0.2547961774779706,5.31397651818422e-18
2025-05-06,0.6721417171027422,0.010287773554062718,0.3175705093431952,0.0,4.163336342344337e-17
2025-05-07,0.6269396230394909,0.010287773554062714,0.0,2.168404344971008e-19,0.3627726034064462
2025-05-08,0.626939623039491,0.010287773554062716,0.0,2.1684043449710084e-19,0.36277260340644624
2025-05-09,0.0,0.010287773554062685,0.6269396230394911,0.0,0.3627726034064462
2025-05-12,0.0,0.010287773554062685,0.6269396230394911,0.0,0.3627726034064462
2025-05-13,0.0,0.010287773554062685,0.6269396230394911,0.0,0.3627726034064462
2025-05-14,0.0,0.010287773554062685,0.6269396230394911,0.0,0.3627726034064462
2025-05-15,7.757919228897728e-19,0.010287773554062686,0.6269396230394911,0.04484658440151687,0.31792601900492923
2025-05-16,1.8619006149354548e-17,0.010287773554062777,0.0,0.15726979098881905,0.8324424354571182
2025-05-19,0.33122091930584685,0.010287773554062778,0.014096730859965125,0.20155142297821557,0.4428431533019097
2025-05-20,0.33122091930584685,0.010287773554062778,0.014096730859965125,0.20155142297821557,0.4428431533019097
2025-05-21,0.33122091930584685,0.010287773554062778,0.014096730859965125,0.20155142297821557,0.4428431533019097
2025-05-22,0.33122091930584685,0.0,0.0,0.6687790806941531,0.0
2025-05-23,0.33122091930584685,0.0,0.03345026626029137,0.6353288144338619,0.0
2025-05-27,0.33122091930584685,8.142885976857416e-17,0.03345026626029137,0.3431840171801591,0.2921447972537027
2025-05-28,0.3312209193058469,0.0,0.32559506351399403,0.3431840171801592,0.0
2025-05-29,0.3312209193058469,1.5361764198079685e-17,0.0,0.6687790806941531,5.5083679162343265e-18
2025-05-30,0.3312209193058469,1.5361764198079685e-17,0.0,0.6687790806941531,5.5083679162343265e-18
2025-06-02,0.23060672918494468,1.7038117917727018e-17,0.1006141901209022,0.6687790806941531,0.0
2025-06-03,0.23060672918494468,0.0,0.1006141901209022,0.0936342648592921,0.5751448158348611
2025-06-04,0.23060672918494468,0.0,0.1006141901209022,0.0936342648592921,0.5751448158348611
2025-06-05,0.23060672918494468,0.07235231969000006,0.028261870430902107,0.09363426485929212,0.5751448158348611
2025-06-06,0.23060672918494468,0.07235231969000006,0.028261870430902107,0.09363426485929212,0.5751448158348611
2025-06-09,0.0,0.07235231969000006,0.5266947755952233,0.0936342648592921,0.3073186398554847
2025-06-10,0.2780327430974073,0.07235231969000007,0.342296297357108,0.0,0.3073186398554847
2025-06-11,0.2780327430974073,0.07235231969000007,0.6496149372125928,0.0,0.0
2025-06-12,0.2780327430974073,0.07235231969000007,0.6496149372125928,0.0,0.0
2025-06-13,0.2780327430974072,0.07235231969000012,0.0,0.0,0.6496149372125927
2025-06-16,0.2584900122090411,0.0614443868878893,1.3010426069826053e-18,0.030450663690477008,0.6496149372125927
2025-06-17,0.0,0.06144438688788931,6.692835947577746e-18,0.288940675899518,0.6496149372125927
2025-06-18,0.0,0.06144438688788931,6.69039766583515e-18,0.002469115880177908,0.9360864972319328
2025-06-20,2.482534153247273e-17,0.06144438688788932,0.5013391061963461,0.002469115880177892,0.4347473910355868
2025-06-23,0.5038082220765238,0.061444386887889314,1.7958453734506774e-16,0.0,0.43474739103558674
2025-06-24,0.5038082220765238,0.06144438688788931,0.08460955492211922,0.011189783816956492,0.33894805229651126
2025-06-25,0.5038082220765238,0.06144438688788931,0.08460955492211922,0.011189783816956492,0.33894805229651126
2025-06-26,0.5038082220765238,0.06144438688788931,0.08460955492211922,0.011189783816956492,0.33894805229651126
2025-06-27,0.5038082220765238,0.06144438688788931,0.08460955492211922,0.011189783816956492,0.33894805229651126
2025-06-30,0.5038082220765238,0.0,0.10027183739329357,0.3959199405301827,1.480882783499703e-17
2025-07-01,0.17958357018659601,0.820416429813404,0.0,0.0,0.0
2025-07-02,0.5498059365962342,0.4501940634037657,7.192784481823615e-18,0.0,1.0672254391599292e-16
2025-07-03,0.5498059365962342,0.4501940634037657,7.192784481823615e-18,0.0,1.0672254391599292e-16
2025-07-07,0.5498059365962341,0.0,0.14729646801475707,0.3028975953890089,1.1979069730256654e-18
2025-07-08,0.5498059365962341,0.0,0.0,4.909205355999393e-17,0.450194063403766
2025-07-09,0.5498059365962341,0.0,0.0,4.909205355999393e-17,0.450194063403766
2025-07-10,0.5498059365962341,0.0,0.0,4.909205355999393e-17,0.450194063403766
2025-07-11,0.2020444635625603,0.0,4.484531235943168e-17,0.3477614730336738,0.450194063403766
2025-07-14,0.2020444635625603,0.0,4.484531235943168e-17,0.3477614730336738,0.450194063403766
2025-07-15,3.626827239509688e-17,0.0,4.5664532591865795e-17,0.6522054513250413,0.3477945486749587
2025-07-16,0.0,0.03011052381919251,4.559018519147697e-17,0.6220949275058488,0.3477945486749587
2025-07-17,0.039920021295316355,0.03011052381919251,4.2398565046222764e-17,0.5821749062105325,0.3477945486749587
2025-07-18,0.31184368448960365,0.030110523819192513,2.3750287679472088e-17,0.3102512430162452,0.34779454867495874
2025-07-21,0.3118436844896037,0.030110523819192516,0.29061017426003,0.31025124301624524,0.05718437441492859
2025-07-22,0.3118436844896037,0.03011052381919252,9.324253910204327e-18,2.879030253745042e-17,0.6580457916912037
2025-07-23,0.3118436844896037,0.03011052381919252,9.324253910204327e-18,2.879030253745042e-17,0.6580457916912037
2025-07-24,0.3118436844896037,0.030110523819192533,0.14997153422404313,0.39245147036549755,0.1156227871016631
2025-07-25,0.3118436844896037,0.0763033156948008,0.14997153422404313,0.3462586784898893,0.1156227871016631
2025-07-28,0.3118436844896037,0.0763033156948008,0.14997153422404313,0.3462586784898893,0.1156227871016631
2025-07-29,0.3118436844896037,0.0763033156948008,0.14997153422404313,0.3462586784898893,0.1156227871016631
2025-07-30,0.187505497151945,0.07630331569480081,0.1499715342240432,0.34625867848988934,0.23996097443932177
2025-07-31,0.3929741641924279,0.07630331569480082,0.14997153422404322,0.14079001144940628,0.23996097443932177
2025-08-01,0.3581263384565296,0.0,0.14997153422404322,0.25194115288010543,0.23996097443932177
2025-08-04,0.6100674913366351,0.0,0.14997153422404325,5.637851296924624e-18,0.2399609744393218
2025-08-05,0.3610797631902926,3.4694469519536134e-18,0.14997153422404325,0.24898772814634235,0.23996097443932174
2025-08-06,0.36107976319029267,3.4694469519536138e-18,0.14997153422404327,0.24898772814634237,0.23996097443932177
2025-08-07,0.0,2.4609401188258565e-18,0.5110512974143359,0.24898772814634235,0.2399609744393217
2025-08-08,0.0,0.0,0.5110512974143359,0.48894870258566414,2.688821387764051e-17
2025-08-11,0.1461042388346014,2.0708261494473135e-17,0.8538957611653986,1.0099343236702474e-16,2.6385486014359644e-17
2025-08-12,0.1461042388346014,2.0708261494473135e-17,0.8538957611653986,1.0099343236702474e-16,2.6385486014359644e-17
2025-08-13,0.1461042388346014,2.0708261494473135e-17,0.8538957611653986,1.0099343236702474e-16,2.6385486014359644e-17
2025-08-14,0.1461042388346014,2.0708261494473135e-17,0.8538957611653986,1.0099343236702474e-16,2.6385486014359644e-17
2025-08-15,0.3042234986958746,1.804449368072379e-17,0.6957765013041253,1.0143319327201516e-16,2.5574724678471855e-17
2025-08-18,0.3042234986958746,1.804449368072379e-17,0.6957765013041253,1.0143319327201516e-16,2.5574724678471855e-17
2025-08-19,0.3042234986958746,1.804449368072379e-17,0.6957765013041253,1.0143319327201516e-16,2.5574724678471855e-17
2025-08-20,0.3042234986958746,1.804449368072379e-17,0.6957765013041253,1.0143319327201516e-16,2.5574724678471855e-17
2025-08-21,0.3042234986958746,1.804449368072379e-17,0.6957765013041253,1.0143319327201516e-16,2.5574724678471855e-17
2025-08-22,0.3042234986958746,1.804449368072379e-17,0.6957765013041253,1.0143319327201516e-16,2.5574724678471855e-17
2025-08-25,0.3042234986958746,1.804449368072379e-17,0.6957765013041253,1.0143319327201516e-16,2.5574724678471855e-17
2025-08-26,0.3042234986958746,1.804449368072379e-17,0.6957765013041253,1.0143319327201516e-16,2.5574724678471855e-17
2025-08-27,0.19416540295393608,1.886373144654114e-17,0.6957765013041253,0.11005809574193867,2.7877964167878745e-17
2025-08-28,0.19416540295393608,1.886373144654114e-17,0.6957765013041253,0.11005809574193867,2.7877964167878745e-17
2025-08-29,0.19416540295393608,1.886373144654114e-17,0.6957765013041253,0.11005809574193867,2.7877964167878745e-17
2025-09-02,0.19416540295393608,1.886373144654114e-17,0.6957765013041253,0.11005809574193867,2.7877964167878745e-17
2025-09-03,0.19416540295393608,2.5482413535162052e-17,0.483603617862131,0.09031896481019593,0.23191201437373682
2025-09-04,0.19416540295393608,2.1456677756934492e-19,0.4002332374251679,0.17368934524715918,0.23191201437373682
2025-09-05,0.19416540295393608,0.0,0.477418243640038,0.16299434921427594,0.16542200419175
2025-09-08,0.255383111574959,0.0,0.579194884233291,0.0,0.16542200419175
2025-09-09,0.255383111574959,0.0,0.579194884233291,0.0,0.16542200419175
2025-09-10,0.255383111574959,0.0,0.579194884233291,0.0,0.16542200419175
2025-09-11,0.255383111574959,0.0,0.579194884233291,0.0,0.16542200419175
2025-09-12,0.22008693569587282,0.0,0.579194884233291,0.035296175879086227,0.16542200419175
2025-09-15,0.22008693569587282,0.0,0.579194884233291,0.035296175879086227,0.16542200419175
2025-09-16,0.22008693569587282,0.0,0.6144910601123772,7.37257477290143e-18,0.16542200419175
2025-09-17,0.22008693569587282,0.0,0.6144910601123772,7.37257477290143e-18,0.16542200419175
2025-09-18,0.22008693569587282,0.0,0.6144910601123772,7.37257477290143e-18,0.16542200419175
2025-09-19,0.22008693569587282,0.0,0.6144910601123772,7.37257477290143e-18,0.16542200419175
2025-09-22,0.22008693569587282,0.0,0.3254235266557668,0.2890675334566104,0.16542200419175
2025-09-23,0.22008693569587282,0.14213357760679174,0.18328994904897505,0.2890675334566104,0.16542200419175
2025-09-24,0.22008693569587284,0.14213357760679174,0.18328994904897505,0.0,0.4544895376483604
2025-09-25,0.22008693569587284,0.14213357760679174,0.18328994904897505,0.0,0.4544895376483604
2025-09-26,0.22008693569587284,0.14213357760679174,0.18328994904897505,0.05835137785783108,0.3961381597905293
2025-09-29,0.22008693569587287,0.14213357760679166,0.5794281088395045,0.05835137785783106,0.0
2025-09-30,0.9416486221421689,0.0,1.1796119636642288e-16,0.058351377857831024,3.469446951953614e-18
2025-10-01,0.9416486221421689,0.0,1.1796119636642288e-16,0.058351377857831024,3.469446951953614e-18
2025-10-02,0.9416486221421689,5.0306980803327406e-17,0.058351377857831045,4.432200919764122e-17,1.4016091006004652e-17
2025-10-03,0.9416486221421689,5.0306980803327406e-17,0.058351377857831045,4.432200919764122e-17,1.4016091006004652e-17
2025-10-06,0.9416486221421689,5.0306980803327406e-17,0.058351377857831045,4.432200919764122e-17,1.4016091006004652e-17
2025-10-07,0.9416486221421689,5.0306980803327406e-17,0.058351377857831045,4.432200919764122e-17,1.4016091006004652e-17
2025-10-08,0.9416486221421689,5.0306980803327406e-17,0.058351377857831045,4.432200919764122e-17,1.4016091006004652e-17
2025-10-09,0.9416486221421689,5.0306980803327406e-17,0.058351377857831045,4.432200919764122e-17,1.4016091006004652e-17
2025-10-10,0.9416486221421689,5.0306980803327406e-17,0.058351377857831045,4.432200919764122e-17,1.4016091006004652e-17
2025-10-13,0.9128750353189671,4.7921736023859296e-17,0.08712496468103294,0.0,1.423801363818528e-17
2025-10-14,0.9128750353189671,4.7921736023859296e-17,0.08712496468103294,0.0,1.423801363818528e-17
2025-10-15,0.9128750353189671,4.7921736023859296e-17,0.08712496468103294,0.0,1.423801363818528e-17
2025-10-16,0.9128750353189671,4.7921736023859296e-17,0.08712496468103294,0.0,1.423801363818528e-17
2025-10-17,0.9128750353189671,4.7921736023859296e-17,0.08712496468103294,0.0,1.423801363818528e-17
2025-10-20,0.9128750353189671,4.7921736023859296e-17,0.08712496468103294,0.0,1.423801363818528e-17
2025-10-21,0.9128750353189671,4.7921736023859296e-17,0.08712496468103294,0.0,1.423801363818528e-17
2025-10-22,0.9128750353189671,4.7921736023859296e-17,0.08712496468103294,0.0,1.423801363818528e-17
2025-10-23,0.9128750353189671,5.247376132746188e-17,0.04015696975881626,0.046967994922216656,1.4187675741930724e-17
2025-10-24,0.9128750353189671,2.8246075512115447e-18,3.469446951953614e-18,0.08712496468103298,3.84632331989512e-18
2025-10-27,0.9128750353189667,0.08712496468103312,0.0,2.4741493576119206e-16,0.0
2025-10-28,0.9128750353189665,0.0871249646810331,0.0,2.47414935761192e-16,0.0
2025-10-29,0.9128750353189666,0.08712496468103312,0.0,2.4741493576119206e-16,0.0
2025-10-30,0.9128750353189666,0.08712496468103312,0.0,2.4741493576119206e-16,0.0
2025-10-31,0.9128750353189666,0.08712496468103312,0.0,2.4741493576119206e-16,0.0
2025-11-03,0.9128750353189666,0.08712496468103312,0.0,2.4741493576119206e-16,0.0
2025-11-04,0.9128750353189666,0.08712496468103312,0.0,2.4741493576119206e-16,0.0
2025-11-05,0.9128750353189666,0.08712496468103312,0.0,2.4741493576119206e-16,0.0
2025-11-06,0.5373233170566404,0.1701910833314077,0.061096544916435944,0.23138905469551607,0.0
2025-11-07,0.14970523385388404,0.1701910833314077,4.163336342344337e-17,0.6801036828147082,0.0
2025-11-10,0.14970523385388407,0.3550898711088997,3.469446951953615e-17,0.49520489503721626,0.0
2025-11-11,0.14970523385388407,0.3550898711088997,3.469446951953615e-17,0.49520489503721626,0.0
2025-11-12,0.14970523385388407,0.3550898711088997,3.469446951953615e-17,0.49520489503721626,0.0
2025-11-13,0.14970523385388407,0.3550898711088997,0.05862477316880416,0.43658012186841205,0.0
2025-11-14,0.20833000702268814,0.3550898711088997,3.122502256758253e-17,0.43658012186841205,2.5478751053409354e-18
2025-11-17,0.2083300070226881,0.35508987110889967,0.43253567262580983,0.004044449242602304,0.0
2025-11-18,0.2083300070226881,0.35508987110889967,1.610259343685144e-17,0.0,0.43658012186841233
2025-11-19,0.2083300070226881,0.35508987110889967,1.610259343685144e-17,0.0,0.43658012186841233
2025-11-20,0.0,0.35508987110889967,0.20833000702268809,0.0,0.43658012186841233
2025-11-21,0.3796323925232253,0.35508987110889967,0.20833000702268806,0.0,0.056947729345187104
2025-11-24,0.0,0.35508987110889956,0.5879623995459133,0.0,0.05694772934518708
2025-11-25,0.0,0.35508987110889956,0.5879623995459133,0.0,0.05694772934518708
2025-11-26,0.0,0.18138873665755856,0.7616635339972543,0.0,0.05694772934518707
2025-11-28,0.0,0.18138873665755859,0.7616635339972544,0.0,0.056947729345187076
2025-12-01,0.0,0.18138873665755859,0.7616635339972544,0.0,0.056947729345187076
2025-12-02,0.0,0.18138873665755859,0.7616635339972544,0.0,0.056947729345187076
2025-12-03,0.0,0.18138873665755859,0.7616635339972544,0.0,0.056947729345187076
2025-12-04,0.0,0.18138873665755859,0.7616635339972544,0.0,0.056947729345187076
2025-12-05,0.0,0.18138873665755859,0.7616635339972544,0.0,0.056947729345187076
2025-12-08,0.0,0.18138873665755859,0.7616635339972544,0.0,0.056947729345187076
2025-12-09,0.0,0.18138873665755859,0.7616635339972544,0.0,0.056947729345187076
2025-12-10,0.0,0.18138873665755859,0.7616635339972544,0.0,0.056947729345187076
2025-12-11,0.0,0.18138873665755859,0.7616635339972544,0.0,0.056947729345187076
2025-12-12,0.0,0.18138873665755859,0.7616635339972544,0.0,0.056947729345187076
2025-12-15,0.05694772934518706,0.18138873665755859,0.7616635339972544,0.0,2.0816681711721685e-17
2025-12-16,0.05694772934518706,0.18138873665755859,0.7616635339972544,0.0,2.0816681711721685e-17
2025-12-17,0.05694772934518706,0.18138873665755859,0.7616635339972544,0.0,2.0816681711721685e-17
2025-12-18,0.05694772934518706,0.18138873665755859,1.082984660339353e-16,0.1272750640833184,0.6343884699139358
2025-12-19,0.05694772934518706,0.1813887366575585,0.12727506408331854,7.458243231715232e-17,0.6343884699139358
2025-12-22,0.05694772934518706,0.1813887366575585,0.12727506408331854,7.458243231715232e-17,0.6343884699139358
2025-12-23,0.05694772934518706,0.1813887366575585,0.12727506408331854,7.458243231715232e-17,0.6343884699139358
2025-12-24,0.056947729345187055,0.18138873665755847,0.2768208274143025,1.984540808725507e-17,0.48484270658295203
2025-12-26,0.056947729345187055,0.18138873665755847,0.2768208274143025,1.984540808725507e-17,0.48484270658295203
2025-12-29,0.056947729345187055,0.18138873665755847,0.2768208274143025,0.13868225162769854,0.3461604549552535
2025-12-30,0.1956299809728856,0.18138873665755847,0.2768208274143024,1.3877787807814457e-17,0.3461604549552535
2025-12-31,0.1956299809728856,0.18138873665755847,0.2768208274143024,1.3877787807814457e-17,0.3461604549552535
2026-01-02,0.1956299809728856,0.18138873665755847,0.2768208274143024,1.3877787807814457e-17,0.3461604549552535
2026-01-05,0.1956299809728856,0.18138873665755847,0.2768208274143024,1.3877787807814457e-17,0.3461604549552535
2026-01-06,0.1956299809728856,0.18138873665755847,0.2768208274143024,1.3877787807814457e-17,0.3461604549552535
2026-01-07,0.1956299809728856,0.18138873665755847,0.2768208274143024,0.08069441207309111,0.26546604288216247
2026-01-08,0.1956299809728856,0.18138873665755847,0.2768208274143024,0.08069441207309111,0.26546604288216247
2026-01-09,0.1956299809728856,0.18138873665755847,0.2768208274143024,0.08069441207309111,0.26546604288216247
2026-01-12,0.19562998097288564,0.18138873665755853,0.35751523948739344,0.0,0.26546604288216247
2026-01-13,0.19562998097288564,0.18138873665755853,0.35751523948739344,0.0,0.26546604288216247
2026-01-14,0.19562998097288564,0.0,3.526730991478765e-17,0.5925045992556808,0.21186541977143353
2026-01-15,0.19562998097288564,0.0,3.526730991478765e-17,0.5925045992556808,0.21186541977143353
2026-01-16,0.19562998097288564,0.0,0.16000921025499204,0.43249538900068873,0.21186541977143353
2026-01-20,0.19562998097288564,0.0,0.16000921025499204,0.43249538900068873,0.21186541977143353
2026-01-21,0.2792215552479681,0.0,0.16000921025499204,0.3489038147256062,0.21186541977143353
2026-01-22,0.27922155524796805,0.0,0.5089130249805985,0.0,0.2118654197714334
2026-01-23,0.279221555247968,1.0179240940466567e-16,0.0,1.2266058334986402e-17,0.7207784447520319
2026-01-26,0.279221555247968,1.0179240940466567e-16,0.0,1.2266058334986402e-17,0.7207784447520319
2026-01-27,0.279221555247968,1.0179240940466567e-16,0.0,1.2266058334986402e-17,0.7207784447520319
2026-01-28,0.279221555247968,1.0179240940466567e-16,0.0,1.2266058334986402e-17,0.7207784447520319
2026-01-29,0.279221555247968,1.0179240940466567e-16,0.0,1.2266058334986402e-17,0.7207784447520319
2026-01-30,0.279221555247968,1.0179240940466567e-16,0.0,1.2266058334986402e-17,0.7207784447520319
2026-02-02,0.279221555247968,1.0110666622119814e-16,1.2409920514304116e-17,0.43999239386801736,0.28078605088401454
2026-02-03,0.279221555247968,1.0110666622119814e-16,1.2409920514304116e-17,0.43999239386801736,0.28078605088401454
2026-02-04,0.279221555247968,0.4399923938680174,2.032924704592101e-18,0.0,0.28078605088401454
2026-02-05,0.17132687233156738,0.4399923938680174,0.10789468291640066,0.0,0.28078605088401454
2026-02-06,0.17132687233156738,0.4399923938680174,0.10789468291640066,0.0,0.28078605088401454
2026-02-09,0.17132687233156738,0.4399923938680174,0.10789468291640066,0.0,0.28078605088401454
2026-02-10,0.11999839173168565,0.4399923938680174,0.1592231635162825,0.0,0.28078605088401454
2026-02-11,0.11999839173168565,0.4399923938680174,0.1592231635162825,0.0,0.28078605088401454
2026-02-12,0.11999839173168565,0.4399923938680174,0.1592231635162825,0.0,0.28078605088401454
2026-02-13,0.11999839173168565,0.4399923938680174,0.1592231635162825,0.0,0.28078605088401454
