,K,dominant_g,p_template_0,p_template_1,p_template_2,p_template_3,p_template_4,p_template_5
2023-05-01,4,2,0.0,5.962539889149296e-07,0.9999994037460112,0.0,0.0,0.0
2023-05-02,4,2,0.0,3.075921580492896e-08,0.9999999692407833,8.059249907285157e-16,0.0,0.0
2023-05-03,4,1,0.0,1.0,4.284272200508911e-19,2.2958718586564715e-22,0.0,0.0
2023-05-04,4,1,0.0,0.9999999788966214,5.524774885583809e-37,2.1103378583845e-08,0.0,0.0
2023-05-05,4,2,0.0,1.4283105739399074e-06,0.999998571689426,5.291112926421615e-18,0.0,0.0
2023-05-08,4,2,0.0,3.1455335409021963e-10,0.9999999996854466,1.2323937796057e-55,0.0,0.0
2023-05-09,4,2,0.0,4.5917181450535536e-11,0.9999999999540828,7.821948103725177e-56,0.0,0.0
2023-05-10,4,1,0.0,0.9999999999961255,0.0,3.8744649220028646e-12,0.0,0.0
2023-05-11,4,2,0.0,1.7959216972010443e-11,0.9999999999820408,0.0,0.0,0.0
2023-05-12,4,2,0.0,4.2358731257618205e-09,0.9999999957641269,1.0096996703736298e-55,0.0,0.0
2023-05-15,6,2,0.0,2.455806409804662e-10,0.9999999997544193,5.1143925484636765e-17,0.0,0.0
2023-05-16,6,2,0.0,1.59658843269965e-12,0.9999999999984035,3.5108709911218873e-37,0.0,0.0
2023-05-17,6,2,0.0,1.9186784416979174e-17,1.0,1.497887870646994e-17,0.0,0.0
2023-05-18,6,1,0.0,0.9999999999993372,6.627488806816128e-13,1.3663626605876362e-29,0.0,0.0
2023-05-19,6,2,0.0,2.33515814902147e-08,0.9999999766484184,3.1561214370825034e-21,0.0,0.0
2023-05-22,6,2,0.0,3.677352275316032e-08,0.999999963226034,4.4317217518155525e-13,0.0,0.0
2023-05-23,6,1,0.0,1.0,4.321161596652035e-26,1.0412765638078401e-23,0.0,4.140575847387803e-124
2023-05-24,6,1,0.0,0.9999999999986926,2.4422497025828635e-35,1.3074900193192529e-12,0.0,0.0
2023-05-25,6,1,0.0,0.9999999999458803,1.585495044968608e-33,5.41197653231648e-11,0.0,0.0
2023-05-26,6,2,0.0,1.369988055316184e-12,0.99999999999863,4.180174859495803e-32,0.0,0.0
2023-05-30,6,1,0.0,1.0,0.0,6.45651704825128e-30,0.0,0.0
2023-05-31,6,2,0.0,1.3336356549325103e-10,0.9999999998666365,2.9411565544283065e-38,0.0,0.0
2023-06-01,6,2,0.0,3.079992245869998e-10,0.9999999996920008,7.539965936236549e-43,0.0,0.0
2023-06-02,6,1,0.0,0.9994267893947818,0.0005732106052181832,9.245800415949573e-30,0.0,0.0
2023-06-05,6,1,0.0,1.0,1.6623096759705516e-20,1.5875814402981042e-31,0.0,0.0
2023-06-06,6,1,0.0,1.0,8.09964995887666e-36,2.049981988177246e-114,0.0,0.0
2023-06-07,6,1,0.0,0.9999999986164314,1.3835686684326459e-09,1.2965813140811265e-21,0.0,0.0
2023-06-08,6,2,0.0,7.11998331851757e-07,0.9999992879771472,2.4520908068334825e-11,0.0,2.413992568277782e-135
2023-06-09,6,1,0.0,0.9999999999970226,2.9774500655921777e-12,1.6958291608348066e-33,0.0,0.0
2023-06-12,6,1,0.0,0.9999999999880917,0.0,1.1908214679282886e-11,0.0,0.0
2023-06-13,4,1,0.0,0.99999193267767,8.067322330025044e-06,1.9472445360383843e-26,0.0,0.0
2023-06-14,4,1,0.0,0.9999999999995373,0.0,4.628022551482749e-13,0.0,0.0
2023-06-15,4,1,0.0,0.9999999999473698,5.2630211467189855e-11,1.3917643390248137e-24,0.0,0.0
2023-06-16,4,1,0.0,1.0,0.0,9.732467313609977e-26,0.0,0.0
2023-06-20,4,2,0.0,6.269872058705662e-05,0.9999373012794129,5.0206759211259607e-51,0.0,0.0
2023-06-21,5,2,0.0,3.6460645272992354e-05,0.999963539354727,4.004058543857517e-24,0.0,0.0
2023-06-22,5,2,0.0,8.050608328950098e-05,0.9999194898402031,4.076507435338791e-09,0.0,0.0
2023-06-23,5,2,0.0,3.279999476146481e-08,0.9999999672000053,5.711240218620683e-38,0.0,0.0
2023-06-26,5,2,0.0,1.2874000153541751e-05,0.9999871259998465,4.1016641027465724e-23,0.0,0.0
2023-06-27,5,2,0.0,0.0008021969746156716,0.9991978030097128,1.567139363829838e-11,0.0,0.0
2023-06-28,6,1,0.0,0.9999999998996904,1.0030968068927001e-10,3.7821186624768e-29,0.0,0.0
2023-06-29,6,1,0.0,0.999999728227631,2.717723690930112e-07,3.3993659894656457e-33,0.0,0.0
2023-06-30,6,1,0.0,0.9999301297072936,6.98702791731885e-05,1.3533463997507241e-11,0.0,0.0
2023-07-03,6,1,0.0,1.0,0.0,1.9551047051652257e-18,0.0,0.0
2023-07-05,6,1,0.0,1.0,0.0,2.9981414451899736e-40,0.0,9.145698348039145e-97
2023-07-06,5,2,0.0,0.005478518757934926,0.9945214812420651,3.1441543051957054e-38,0.0,0.0
2023-07-07,5,1,0.0,0.9999999999977927,2.2073796129537263e-12,7.110436225699775e-69,0.0,5.3249520632561904e-278
2023-07-10,5,1,0.0,0.9999999999996484,3.516559583873385e-13,5.696043727396116e-21,0.0,0.0
2023-07-11,5,1,0.0,0.9999999999996917,0.0,3.0829515941596073e-13,0.0,1.2027938820116685e-234
2023-07-12,5,1,0.0,1.0,2.0852300856174716e-17,3.2822665832671893e-43,0.0,0.0
2023-07-13,6,1,0.0,1.0,6.906730155088685e-30,4.4513084345770475e-19,0.0,0.0
2023-07-14,6,1,0.0,0.9996116579020112,0.00038834209798883245,5.117488772249401e-18,0.0,0.0
2023-07-17,6,1,0.0,0.9999963874368547,3.6125631452310795e-06,3.163256342863642e-32,0.0,0.0
2023-07-18,6,2,0.0,8.518993180050647e-07,0.999999148100682,7.274806049297612e-32,0.0,0.0
2023-07-19,6,1,0.0,0.9999999999997846,1.4165421507394092e-74,2.1541354308171078e-13,0.0,0.0
2023-07-20,4,1,0.0,0.9999998904301795,1.0956982045022272e-07,5.327483620581875e-27,0.0,0.0
2023-07-21,4,1,0.0,0.9999999999999459,5.4053678387591995e-14,0.0,0.0,0.0
2023-07-24,4,2,0.0,0.0005779564312096584,0.9994220435687904,6.463719376905192e-51,0.0,0.0
2023-07-25,4,1,0.0,0.9999999999995768,4.2325864895749776e-13,0.0,0.0,0.0
2023-07-26,4,1,0.0,0.9999999999999969,0.0,3.199477818750972e-15,0.0,0.0
2023-07-27,4,1,0.0,0.9999999999999505,4.956344861622283e-14,0.0,0.0,0.0
2023-07-28,4,1,0.0,0.9999999999999295,7.051004517782022e-14,7.29589763761466e-65,0.0,0.0
2023-07-31,4,1,0.0,0.9999842185619722,1.578143802786051e-05,5.139055928702919e-31,0.0,0.0
2023-08-01,4,1,0.0,0.9999999999997669,2.332060687179597e-13,3.948111777639644e-64,0.0,0.0
2023-08-02,4,1,0.0,0.9999999999988649,1.135145527596026e-12,2.9450857600647554e-62,0.0,0.0
2023-08-03,6,1,0.0,1.0,2.1222964727450688e-36,7.26337798452165e-24,0.0,0.0
2023-08-04,6,1,0.0,0.9999321690595497,6.783094045034326e-05,3.5442435525457514e-19,0.0,0.0
2023-08-07,6,1,0.0,1.0,5.366201920287588e-27,5.836750565156682e-53,0.0,0.0
2023-08-08,6,1,0.0,1.0,1.0648645762543723e-21,4.413067180582351e-34,0.0,0.0
2023-08-09,6,1,0.0,0.9999999999999988,1.6631638120971674e-29,1.2463231445403472e-15,0.0,0.0
2023-08-10,5,1,0.0,0.999999999943093,5.690701721716461e-11,2.9251086616586717e-41,0.0,0.0
2023-08-11,5,1,2.8695664547738346e-304,0.9999999999971438,2.85606149273038e-12,2.725124832775019e-32,0.0,0.0
2023-08-14,5,1,0.0,0.8615357677497439,0.13846423225025598,4.596133623696e-25,0.0,0.0
2023-08-15,5,1,0.0,0.9999999992318409,2.55087845420651e-77,7.681591578711098e-10,0.0,0.0
2023-08-16,5,1,0.0,1.0,0.0,2.6370884730132574e-20,0.0,0.0
2023-08-17,6,2,0.0,4.82657511359612e-09,0.9999999951734249,1.969098502399705e-60,0.0,0.0
2023-08-18,6,1,0.0,1.0,6.556985146646351e-20,1.1259793264059973e-41,0.0,0.0
2023-08-21,6,2,0.0,1.535929938494362e-06,0.9999984640621111,7.950261672975917e-12,0.0,0.0
2023-08-22,6,2,0.0,2.74733590609373e-06,0.9999972526640939,1.3760555937511016e-20,0.0,0.0
2023-08-23,6,2,0.0,1.9059495844372872e-06,0.9999980940504155,4.753254806738705e-37,0.0,0.0
2023-08-24,6,1,0.0,1.0,5.783489219375586e-31,1.0738183987660547e-26,0.0,0.0
2023-08-25,6,2,0.0,3.7564349687487833e-07,0.9999996243565031,6.3623029938711284e-27,0.0,0.0
2023-08-28,6,1,0.0,1.0,0.0,3.118321629803025e-44,0.0,0.0
2023-08-29,6,1,0.0,0.9999999999992789,2.3954595734164982e-18,7.211395424350162e-13,0.0,0.0
2023-08-30,6,1,0.0,1.0,0.0,7.393881333324025e-63,0.0,0.0
2023-08-31,6,1,0.0,1.0,1.1712133987601202e-70,9.684956530171771e-38,0.0,0.0
2023-09-01,6,2,0.0,0.003418351362291255,0.9965816486376763,3.2498979271395466e-14,0.0,0.0
2023-09-05,6,1,0.0,1.0,0.0,2.309152097211711e-17,0.0,0.0
2023-09-06,6,1,0.0,0.9999999999957613,0.0,4.238725523571246e-12,0.0,0.0
2023-09-07,6,2,0.0,9.107137618398209e-07,0.9999990892862382,6.739317042060123e-21,0.0,0.0
2023-09-08,4,1,0.0,0.999994376715015,5.623284984845692e-06,1.0423101201318573e-36,0.0,0.0
2023-09-11,4,1,0.0,1.0,0.0,3.360506423905155e-39,0.0,2.020255368512346e-96
2023-09-12,4,2,0.0,3.2644659319776053e-07,0.9999996735534068,6.775033746350495e-42,0.0,0.0
2023-09-13,4,1,0.0,0.9999997109596608,2.8904033916708457e-07,3.293240133443645e-82,0.0,0.0
2023-09-14,4,1,0.0,0.9999999973297815,2.6702184329411393e-09,1.138222463426768e-39,0.0,0.0
2023-09-15,5,1,0.0,0.9999999961872618,3.178695176720876e-14,3.812706389997295e-09,0.0,0.0
2023-09-18,5,1,0.0,1.0,0.0,2.0454273692925386e-19,0.0,0.0
2023-09-19,5,1,0.0,0.999999999995536,4.464013686864603e-12,1.1582799461563973e-52,0.0,0.0
2023-09-20,5,1,0.0,1.0,0.0,3.727816164413587e-21,0.0,0.0
2023-09-21,5,1,0.0,0.9997766089809245,0.00022339101907557115,0.0,0.0,0.0
2023-09-22,6,1,0.0,1.0,0.0,4.8610059154585286e-55,0.0,0.0
2023-09-25,6,1,0.0,1.0,5.839601250305852e-29,4.994313328571199e-17,0.0,3.1027221130856314e-124
2023-09-26,6,1,0.0,0.9999999999999993,9.664560403796938e-29,6.39887177912763e-16,0.0,1.2789678686412235e-125
2023-09-27,6,1,0.0,1.0,0.0,9.131516570873059e-30,0.0,0.0
2023-09-28,6,1,0.0,1.0,0.0,3.82148019864524e-17,0.0,0.0
2023-09-29,4,1,0.0,0.9999999915723076,8.427692461238982e-09,7.605523708937344e-39,0.0,0.0
2023-10-02,4,1,0.0,0.9999999999290514,1.6331279409246967e-53,7.094861738801459e-11,0.0,0.0
2023-10-03,4,1,0.0,1.0,0.0,4.030412592407049e-74,0.0,0.0
2023-10-04,4,1,0.0,0.9999999999998215,0.0,1.7842310854013877e-13,0.0,0.0
2023-10-05,4,1,0.0,0.9999999996022362,3.9776387410991925e-10,4.695171142095981e-22,0.0,0.0
2023-10-06,3,1,0.0,0.9999999999999989,0.0,1.0020435676682111e-15,0.0,0.0
2023-10-09,3,1,0.0,0.9999999999999996,0.0,5.44027545525411e-16,0.0,0.0
2023-10-10,3,1,0.0,0.9999999998550286,0.0,1.449714552333677e-10,0.0,0.0
2023-10-11,3,2,0.0,1.0744072378144323e-06,0.9999989255927623,0.0,0.0,0.0
2023-10-12,3,2,0.0,6.12592177356014e-08,0.9999999387407822,0.0,0.0,0.0
2023-10-13,6,2,0.0,2.960208449778508e-05,0.9999703979155022,2.8464993602898816e-31,0.0,0.0
2023-10-16,6,1,0.0,0.9999999999813407,0.0,1.8659339698897662e-11,0.0,0.0
2023-10-17,6,1,0.0,0.9999987546036244,1.2453963755874938e-06,0.0,0.0,0.0
2023-10-18,6,1,0.0,0.9999999999857665,0.0,1.4233605312859428e-11,0.0,0.0
2023-10-19,6,1,0.0,0.9999999999999991,1.7069548090191915e-30,8.520423586369242e-16,0.0,0.0
2023-10-20,4,1,0.0,1.0,8.017926860298507e-28,4.7090116061012966e-91,0.0,0.0
2023-10-23,4,1,0.0,0.999945682447548,5.431755245198563e-05,0.0,0.0,4.8506382110745593e-222
2023-10-24,4,1,0.0,0.9999999999485911,0.0,5.1408898882751185e-11,0.0,0.0
2023-10-25,4,1,0.0,0.9999999999604715,3.944639238239555e-11,8.20928000544764e-14,0.0,0.0
2023-10-26,4,1,0.0,1.0,9.219556710052835e-23,3.100070427641869e-81,0.0,0.0
2023-10-27,5,1,0.0,1.0,0.0,3.1607450778581416e-18,0.0,0.0
2023-10-30,5,1,0.0,0.999999999999178,8.219124434344713e-13,1.73719795163462e-54,0.0,3.2563710547705984e-292
2023-10-31,5,1,0.0,1.0,3.201204266993491e-22,1.991909532060188e-55,0.0,2.274965406330877e-168
2023-11-01,5,1,0.0,0.999999994093403,5.906596901543738e-09,1.3388840724381917e-46,0.0,0.0
2023-11-02,5,1,0.0,0.9999999999986484,0.0,1.351485937020731e-12,0.0,0.0
2023-11-03,6,1,0.0,1.0,0.0,5.381985655391551e-36,0.0,0.0
2023-11-06,6,1,0.0,1.0,3.73796488027621e-130,5.750973941600924e-21,0.0,3.1086576514639677e-35
2023-11-07,6,1,0.0,1.0,1.1263487965778144e-64,1.2428263316966513e-52,0.0,0.0
2023-11-08,6,1,0.0,1.0,0.0,1.0539621241670384e-42,0.0,0.0
2023-11-09,6,1,0.0,0.9999999999997349,2.651742881260453e-13,6.365492641112249e-48,0.0,0.0
2023-11-10,6,1,0.0,0.9999999999999998,1.732906386321613e-16,8.197974446599602e-49,0.0,0.0
2023-11-13,6,1,0.0,0.9999999999577577,0.0,4.2242296900323414e-11,0.0,3.632271657862288e-76
2023-11-14,6,1,0.0,0.9999827289613936,1.727103860641672e-05,5.222861545134e-32,0.0,1.9703061892041362e-119
2023-11-15,6,1,0.0,1.0,0.0,1.0908839631913178e-29,0.0,0.0
2023-11-16,6,1,0.0,1.0,0.0,4.816912299685454e-37,0.0,0.0
2023-11-17,6,1,0.0,1.0,1.651767351159621e-19,2.3677959599767645e-42,0.0,0.0
2023-11-20,6,1,0.0,1.0,2.181600092382322e-25,6.547136567071406e-45,0.0,0.0
2023-11-21,6,1,0.0,0.9999999999658824,3.4117602617156534e-11,2.7430126677312776e-24,0.0,0.0
2023-11-22,6,1,0.0,0.999999999999994,8.267769017499642e-21,5.94530417628263e-15,0.0,0.0
2023-11-24,6,1,0.0,0.9999999999994115,5.883279584576307e-13,2.5459457004999285e-16,0.0,0.0
2023-11-27,6,1,0.0,0.9999999999958747,4.123463326037505e-12,1.7915336854121545e-15,0.0,0.0
2023-11-28,6,1,0.0,1.0,4.443946771069344e-84,5.79983951847326e-19,0.0,0.0
2023-11-29,6,1,0.0,1.0,0.0,3.5997320270996423e-22,0.0,0.0
2023-11-30,6,1,0.0,1.0,0.0,1.144704466666118e-52,0.0,0.0
2023-12-01,6,1,0.0,1.0,2.970170619563454e-21,1.9463477997226117e-20,0.0,0.0
2023-12-04,4,1,0.0,0.9999999996556294,3.4437063653802164e-10,1.1618064563539186e-31,0.0,0.0
2023-12-05,4,1,0.0,0.9999999873498899,1.2419191488303618e-08,2.3091855062610936e-10,0.0,0.0
2023-12-06,4,1,0.0,0.9999999999816999,0.0,1.8300128750102634e-11,0.0,0.0
2023-12-07,4,1,0.0,1.0,0.0,3.632933822399134e-155,0.0,0.0
2023-12-08,4,1,0.0,0.9999999999999301,1.0088426879780399e-16,7.000312493520525e-14,0.0,0.0
2023-12-11,4,1,0.0,1.0,7.068846155596848e-17,1.7004179317632406e-66,0.0,0.0
2023-12-12,4,1,0.0,0.9999999999999999,1.6255570995866678e-16,2.1437701554451654e-56,0.0,0.0
2023-12-13,4,2,0.0,5.821064975749755e-09,0.999999994178935,1.5116097305658523e-34,0.0,0.0
2023-12-14,4,1,0.0,1.0,3.7399605697977675e-17,4.156190290392608e-60,0.0,0.0
2023-12-15,4,1,0.0,1.0,0.0,4.023179154302409e-24,0.0,0.0
2023-12-18,6,1,0.0,1.0,0.0,1.9239472567202099e-31,0.0,0.0
2023-12-19,6,1,0.0,1.0,0.0,1.067340416166687e-24,0.0,0.0
2023-12-20,6,1,0.0,1.0,7.411816045984433e-50,2.068666613959418e-30,0.0,0.0
2023-12-21,6,1,0.0,1.0,0.0,5.146527551281155e-26,0.0,1.635507676326954e-98
2023-12-22,6,1,0.0,0.9999999999871587,3.420838283105064e-21,1.284126648135467e-11,0.0,0.0
2023-12-26,6,1,0.0,1.0,6.34525875150621e-17,2.5929742520207674e-51,0.0,0.0
2023-12-27,6,1,0.0,1.0,1.3738019836582257e-19,2.4029646586507745e-32,0.0,0.0
2023-12-28,6,1,0.0,0.9999999999999998,0.0,3.049634059986577e-16,0.0,0.0
2023-12-29,6,1,0.0,1.0,1.1487830464130092e-59,3.03276631556215e-18,0.0,0.0
2024-01-02,6,1,0.0,1.0,2.434486947445528e-38,3.234538582271431e-36,0.0,1.0888773158117429e-26
2024-01-03,6,1,0.0,1.0,0.0,8.459260695118245e-18,0.0,0.0
2024-01-04,6,1,0.0,1.0,1.6786587809055604e-44,2.5898648285390853e-20,0.0,0.0
2024-01-05,6,1,0.0,1.0,6.933052447019155e-23,5.446991651798617e-34,0.0,0.0
2024-01-08,6,1,0.0,1.0,0.0,6.429661650388198e-36,0.0,3.4793515195084634e-100
2024-01-09,6,1,0.0,0.9999999345852602,6.541473979144671e-08,7.728091599954087e-32,0.0,0.0
2024-01-10,6,1,0.0,1.0,0.0,3.5752376581789646e-23,0.0,0.0
2024-01-11,6,1,0.0,0.9999999999909303,9.06973376539778e-12,1.4671423246165122e-26,0.0,0.0
2024-01-12,6,1,0.0,0.9999999999960609,3.939140487903693e-12,4.706901577469905e-39,0.0,0.0
2024-01-16,6,1,0.0,0.9999999999706363,2.936371603045623e-11,2.142521925479061e-21,0.0,0.0
2024-01-17,6,1,0.0,1.0,2.7075938442199894e-28,1.8804522761947182e-27,0.0,0.0
2024-01-18,6,1,0.0,1.0,5.616317135342345e-227,3.360810462377372e-21,0.0,0.0
2024-01-19,6,1,0.0,0.9999999999994156,0.0,5.843883355076754e-13,0.0,0.0
2024-01-22,6,1,0.0,1.0,0.0,7.050183295908278e-45,0.0,0.0
2024-01-23,6,1,0.0,1.0,0.0,2.9001175429053304e-19,0.0,0.0
2024-01-24,6,1,0.0,1.0,0.0,2.618887393913246e-19,0.0,0.0
2024-01-25,4,1,0.0,0.9999999999951125,3.721053941320019e-51,4.887516706049308e-12,0.0,0.0
2024-01-26,4,1,0.0,1.0,0.0,2.3339131290500136e-62,0.0,0.0
2024-01-29,4,1,0.0,0.9999999999988687,0.0,1.1312953289064151e-12,0.0,0.0
2024-01-30,4,1,0.0,0.999999999868537,1.3146291702271958e-10,8.604254605631036e-206,0.0,0.0
2024-01-31,4,1,0.0,0.9999999999976987,2.285787682576401e-12,1.5614106182291147e-14,0.0,0.0
2024-02-01,5,1,0.0,0.9999999521724569,4.7827543093668986e-08,7.44020738778662e-23,0.0,0.0
2024-02-02,5,1,0.0,0.9999999998150599,0.0,1.8494003426556708e-10,0.0,9.698691104540499e-147
2024-02-05,5,1,0.0,0.9999999999901523,9.847765965287315e-12,7.60663203107839e-21,0.0,0.0
2024-02-06,5,1,0.0,1.0,0.0,9.147050368876863e-31,0.0,0.0
2024-02-07,5,1,0.0,0.9999999999999987,0.0,1.346485485222803e-15,0.0,0.0
2024-02-08,4,1,0.0,0.999999999990048,9.952008752529392e-12,0.0,0.0,0.0
2024-02-09,4,1,0.0,0.9999999999999991,9.323350249048876e-16,2.3751604832177547e-31,0.0,0.0
2024-02-12,4,1,0.0,1.0,3.0831608976214545e-19,2.513197810387882e-92,0.0,0.0
2024-02-13,4,1,0.0,0.9999999018747053,9.812529455621887e-08,6.419613435891833e-18,0.0,0.0
2024-02-14,4,1,0.0,0.9999999999999911,0.0,8.965623680653896e-15,0.0,0.0
2024-02-15,6,1,0.0,0.9999999999999999,0.0,8.203707399978504e-17,0.0,0.0
2024-02-16,6,1,0.0,1.0,0.0,5.1085600676164246e-27,0.0,0.0
2024-02-20,6,1,0.0,1.0,1.712693772316314e-19,2.549939012395559e-19,0.0,0.0
2024-02-21,6,1,0.0,1.0,0.0,2.875988596575049e-28,0.0,0.0
2024-02-22,6,1,0.0,1.0,0.0,4.253596438611612e-20,0.0,0.0
2024-02-23,5,1,0.0,1.0,0.0,4.2126254400554416e-39,0.0,5.112987968067142e-250
2024-02-26,5,1,3.4968498773967935e-256,0.9999629547605374,3.704523946257563e-05,5.391630543033182e-28,0.0,0.0
2024-02-27,5,1,0.0,1.0,1.6663452073987028e-21,5.365003140180378e-34,0.0,0.0
2024-02-28,5,1,0.0,1.0,4.954166332753823e-37,1.3441133052396481e-55,0.0,0.0
2024-02-29,5,1,0.0,0.99999999999967,3.300505457946755e-13,1.6145971387183713e-53,0.0,0.0
2024-03-01,6,1,0.0,1.0,0.0,5.438938132038457e-35,0.0,0.0
2024-03-04,6,1,0.0,1.0,0.0,2.405197863175252e-37,0.0,1.7491248696421535e-126
2024-03-05,6,1,0.0,0.9999996423182418,3.5768175812282463e-07,2.382474431705689e-82,0.0,0.0
2024-03-06,6,1,0.0,0.9999999999691845,1.2296635589609983e-13,3.06924300782218e-11,0.0,0.0
2024-03-07,6,1,0.0,1.0,2.1881585535825734e-21,1.456649910770986e-44,0.0,0.0
2024-03-08,6,1,0.0,0.9999999999832135,1.6786429668999692e-11,3.1916150996291326e-18,0.0,0.0
2024-03-11,6,1,0.0,0.9999999999386568,0.0,6.134304380731618e-11,0.0,2.0540631973636505e-92
2024-03-12,6,1,0.0,1.0,0.0,9.165879646115679e-23,0.0,0.0
2024-03-13,6,1,0.0,1.0,3.23813084517186e-73,1.0097494850420666e-32,0.0,3.173740731815327e-24
2024-03-14,6,1,0.0,0.9999944229522572,5.577047742354191e-06,5.907246537606388e-16,0.0,0.0
2024-03-15,5,1,0.0,0.9999964861083701,3.5138916298670068e-06,3.390516719105907e-24,0.0,0.0
2024-03-18,5,1,6.020342692552499e-156,0.9999999951145061,4.885493932760763e-09,6.2801365474112834e-24,0.0,0.0
2024-03-19,5,1,4.628920282409476e-123,0.9999999969719592,3.0280408570105613e-09,2.0470321904662917e-54,0.0,0.0
2024-03-20,5,1,0.0,1.0,0.0,8.92199252323345e-29,0.0,0.0
2024-03-21,5,1,9.496584558131386e-225,1.0,0.0,9.185962177289109e-18,0.0,0.0
2024-03-22,6,1,0.0,1.0,0.0,1.2989654633880024e-20,0.0,0.0
2024-03-25,6,1,0.0,1.0,0.0,9.730250311125492e-21,0.0,0.0
2024-03-26,6,1,0.0,0.9997420108386967,0.0002579891613033836,1.8541016082860444e-17,0.0,0.0
2024-03-27,6,1,0.0,1.0,9.43707681587222e-19,1.4399531386211862e-67,0.0,0.0
2024-03-28,6,1,0.0,0.999999715383865,2.846161348874542e-07,7.244410494482032e-31,0.0,0.0
2024-04-01,5,1,1.4746819819136812e-282,0.9998296848535753,0.00017031514642465721,1.9555321898723768e-29,0.0,0.0
2024-04-02,5,1,0.0,0.9999999999999999,8.448620852540098e-17,4.4715424680001814e-42,0.0,0.0
2024-04-03,5,1,0.0,1.0,0.0,5.763051068911336e-41,0.0,0.0
2024-04-04,5,1,0.0,1.0,0.0,1.3992934189324757e-45,0.0,0.0
2024-04-05,5,1,0.0,1.0,1.3516266116518384e-18,2.1739371926262677e-31,0.0,0.0
2024-04-08,6,1,0.0,0.999997552971761,2.4470282381688816e-06,8.554824097040856e-16,0.0,0.0
2024-04-09,6,1,0.0,1.0,1.1500650359540877e-58,9.093179712344986e-28,0.0,0.0
2024-04-10,6,1,0.0,1.0,9.542627507896723e-64,2.791478306019326e-31,0.0,0.0
2024-04-11,6,1,0.0,1.0,0.0,2.839763449979626e-20,0.0,0.0
2024-04-12,6,1,0.0,1.0,0.0,6.053448552298343e-23,0.0,0.0
2024-04-15,4,1,0.0,0.9999912072414016,8.79275859843327e-06,4.910918530123449e-35,0.0,0.0
2024-04-16,4,1,0.0,0.9999999998739907,1.1040036690839733e-34,1.260093761290525e-10,0.0,0.0
2024-04-17,4,1,0.0,1.0,3.118749559782961e-30,1.2644638441979307e-24,0.0,0.0
2024-04-18,4,1,0.0,0.9999999999999999,6.671661620048002e-17,0.0,0.0,0.0
2024-04-19,4,1,0.0,1.0,0.0,1.3610524927571743e-35,0.0,0.0
2024-04-22,6,1,0.0,1.0,0.0,1.9879251898959565e-75,0.0,0.0
2024-04-23,6,1,0.0,0.9999462444477278,5.3755552266460864e-05,5.816016902258593e-15,0.0,0.0
2024-04-24,6,1,0.0,1.0,1.0284644713631641e-20,2.7588446067487316e-42,0.0,0.0
2024-04-25,6,1,0.0,1.0,2.8343555663396053e-129,5.481926798536771e-18,0.0,0.0
2024-04-26,6,1,0.0,0.9999999975996564,2.400343629310121e-09,5.495665680857125e-41,0.0,0.0
2024-04-29,6,1,0.0,1.0,0.0,9.276283514943367e-21,0.0,0.0
2024-04-30,6,1,0.0,1.0,0.0,9.254273114192606e-21,0.0,0.0
2024-05-01,6,1,0.0,1.0,0.0,2.4836529185130397e-58,0.0,0.0
2024-05-02,6,1,0.0,0.9999999342033805,6.579650966336109e-08,1.098129356594515e-13,0.0,0.0
2024-05-03,6,1,0.0,0.9999999980851584,1.9148416677032484e-09,1.1360274256976707e-30,0.0,0.0
2024-05-06,6,1,0.0,0.9999987251713307,1.2748286693388517e-06,1.823265149326101e-19,0.0,0.0
2024-05-07,6,1,0.0,0.9999999999957859,4.199991235335243e-12,1.4082663176131775e-14,0.0,0.0
2024-05-08,6,1,0.0,0.9999999998848025,1.5595203885618008e-18,1.1519762303011691e-10,0.0,0.0
2024-05-09,6,1,0.0,1.0,0.0,5.822578928093494e-18,0.0,0.0
2024-05-10,6,1,0.0,1.0,0.0,1.3048664884949828e-25,0.0,0.0
2024-05-13,4,1,0.0,0.9999973748649118,2.62513508821634e-06,3.170819889874593e-47,0.0,0.0
2024-05-14,4,1,0.0,1.0,4.3848626211878835e-35,1.3944988905830732e-29,0.0,0.0
2024-05-15,4,1,0.0,0.9999999512636745,4.810484854910542e-08,6.314769989823461e-10,0.0,0.0
2024-05-16,4,1,0.0,0.9999999862600402,1.3735841868329287e-08,4.117915796552569e-12,0.0,0.0
2024-05-17,4,1,0.0,0.9999999646691526,3.4714775700699636e-08,6.160716644798782e-10,0.0,0.0
2024-05-20,4,1,0.0,0.9999954182049677,4.5817950322313184e-06,9.233053009771813e-55,0.0,0.0
2024-05-21,4,1,0.0,1.0,0.0,1.162810362345264e-30,0.0,0.0
2024-05-22,4,1,0.0,0.9999999633460999,3.65516008617077e-08,1.0229926058168263e-10,0.0,0.0
2024-05-23,4,1,0.0,0.9999999999999531,0.0,4.68278319647128e-14,0.0,0.0
2024-05-24,4,1,0.0,0.9999973757093149,2.624290685031113e-06,5.04967939847478e-57,0.0,0.0
2024-05-28,5,1,0.0,1.0,5.743593442893881e-19,7.084730362429421e-32,0.0,0.0
2024-05-29,5,1,0.0,0.9999999992050419,7.949581591179719e-10,1.9513948854944376e-41,0.0,5.355158039274587e-300
2024-05-30,5,1,0.0,0.9999999999999714,0.0,2.864381084753396e-14,0.0,0.0
2024-05-31,5,1,0.0,0.9999999999867983,1.32016270786192e-11,1.2248174553607146e-40,0.0,5.314812037868939e-114
2024-06-03,5,1,0.0,0.9999999999976581,2.34187114932157e-12,3.816775628730734e-54,0.0,0.0
2024-06-04,4,1,0.0,0.9999820006028189,1.7999397181057678e-05,2.7116688558785406e-61,0.0,0.0
2024-06-05,4,1,0.0,0.9999999990962335,9.037665255170728e-10,1.0799076105785586e-29,0.0,0.0
2024-06-06,4,1,0.0,0.9999999999999678,3.0822144731993504e-23,3.2165507223679204e-14,0.0,0.0
2024-06-07,4,1,0.0,0.999999999999508,0.0,4.920417557298239e-13,0.0,0.0
2024-06-10,4,1,0.0,0.9999999770011684,3.719829826073479e-38,2.2998831693245972e-08,0.0,0.0
2024-06-11,4,1,0.0,0.999999998360205,1.3992265840550557e-09,2.4056835661670356e-10,0.0,0.0
2024-06-12,4,1,0.0,0.9999996137447422,3.8625525781709893e-07,0.0,0.0,0.0
2024-06-13,4,1,0.0,0.9999999987390599,1.1545618333616919e-09,1.063783027468518e-10,0.0,0.0
2024-06-14,4,1,0.0,0.9999999983019736,1.3611270468895731e-09,3.3689925429519237e-10,0.0,0.0
2024-06-17,4,1,0.0,0.9999999978369438,1.9771670860952267e-09,1.85889105552698e-10,0.0,0.0
2024-06-18,5,1,0.0,0.9999999591692297,4.083077023020008e-08,2.0483045483249132e-25,0.0,0.0
2024-06-20,5,1,0.0,0.9999999999997217,2.7834967081204376e-13,6.631574995234541e-38,0.0,1.7163039909625135e-258
2024-06-21,5,1,0.0,0.9999999994778348,5.221651998983947e-10,1.0624750393649986e-34,0.0,0.0
2024-06-24,5,1,0.0,0.9999999573895755,4.261042457397947e-08,4.0398710925899145e-19,0.0,0.0
2024-06-25,5,1,0.0,1.0,0.0,3.6302285934018014e-41,0.0,0.0
2024-06-26,4,1,0.0,0.9999999994548123,5.451877836355547e-10,1.4844587741538098e-27,0.0,0.0
2024-06-27,4,1,0.0,0.9999999999999953,1.7186960156515527e-18,4.664712170266473e-15,0.0,0.0
2024-06-28,4,1,0.0,0.9999999963999123,3.549727568885206e-09,5.0360093935640615e-11,0.0,0.0
2024-07-01,4,1,0.0,0.9999999999995437,0.0,4.563954806755672e-13,0.0,0.0
2024-07-02,4,1,0.0,0.9999999999487491,7.541496128100227e-36,5.1250941587328774e-11,0.0,0.0
2024-07-03,5,1,0.0,1.0,0.0,1.0028923834522578e-46,0.0,0.0
2024-07-05,5,1,0.0,1.0,0.0,1.1877062886547537e-46,0.0,0.0
2024-07-08,5,1,0.0,0.9999999506303794,4.936962059014933e-08,4.33457663248232e-31,0.0,0.0
2024-07-09,5,1,0.0,1.0,0.0,8.762736759088785e-44,0.0,0.0
2024-07-10,5,1,0.0,1.0,9.126463600205962e-18,3.659117874715412e-54,0.0,0.0
2024-07-11,6,1,0.0,0.9999999999999993,0.0,6.173236593676752e-16,0.0,0.0
2024-07-12,6,1,0.0,0.9999999974884153,2.5115847905512648e-09,5.577148163347171e-46,0.0,0.0
2024-07-15,6,1,0.0,0.9999999999999998,0.0,1.2860509944965644e-16,0.0,0.0
2024-07-16,6,1,0.0,1.0,3.4587668804578873e-85,3.678072210540271e-35,0.0,0.0
2024-07-17,6,1,0.0,0.9999999985243917,1.4756083134801045e-09,1.0714406747857799e-22,0.0,0.0
2024-07-18,6,1,0.0,1.0,0.0,1.0595416725440533e-35,0.0,0.0
2024-07-19,6,1,0.0,0.9999999999448994,5.510058256329522e-11,7.282161180508674e-21,0.0,0.0
2024-07-22,6,1,0.0,0.9999999982038079,1.7961921770542715e-09,1.817405523000966e-24,0.0,0.0
2024-07-23,6,1,0.0,0.9999999418639886,5.81360114192353e-08,6.484731190520817e-103,0.0,0.0
2024-07-24,6,1,0.0,0.9999999999999962,5.397973144468091e-21,3.838485956829086e-15,0.0,0.0
2024-07-25,4,1,0.0,0.9945682480213294,0.005431751978670551,2.4359627151498787e-26,0.0,0.0
2024-07-26,4,1,0.0,0.9999999832435273,1.6750691337883878e-08,5.781290421331401e-12,0.0,0.0
2024-07-29,4,1,0.0,0.9999999999999065,5.308574709496687e-22,9.35183871462775e-14,0.0,0.0
2024-07-30,4,1,0.0,0.9999999999999905,3.25036404903849e-20,9.438288094762772e-15,0.0,0.0
2024-07-31,4,1,0.0,0.9999999999999764,1.9139869493812682e-20,2.3683355225300033e-14,0.0,0.0
2024-08-01,6,1,0.0,0.9999999999998352,1.7142638338428422e-17,1.6469759425894157e-13,0.0,0.0
2024-08-02,6,1,0.0,0.9999999997227239,2.7271887375931306e-10,4.557180052719769e-12,0.0,2.7159816255110576e-93
2024-08-05,6,1,0.0,0.9999999999999998,2.7269426979982375e-16,4.191345458999121e-18,0.0,0.0
2024-08-06,6,1,0.0,0.9999999999747438,2.4749860537154768e-11,5.064202261449422e-13,0.0,0.0
2024-08-07,6,1,0.0,0.999999963195285,0.0,3.68047150480972e-08,0.0,0.0
2024-08-08,5,1,0.0,0.9999999999999993,2.6706774051907975e-21,6.403686574751283e-16,0.0,0.0
2024-08-09,5,1,0.0,0.9999999938035309,0.0,6.196469005233702e-09,0.0,3.7947242257223743e-91
2024-08-12,5,1,0.0,1.0,8.95755677584926e-30,2.0809698413577904e-32,0.0,0.0
2024-08-13,5,1,0.0,1.0,1.814635458590582e-29,1.0230150375993187e-17,0.0,0.0
2024-08-14,5,1,0.0,1.0,1.0762916491464797e-34,4.155243492478952e-28,0.0,0.0
2024-08-15,5,1,0.0,0.999999999999994,6.041575305939649e-15,1.3900406685042232e-17,0.0,0.0
2024-08-16,5,1,0.0,0.9999999999999984,3.167912430849145e-21,1.6485678098811097e-15,0.0,0.0
2024-08-19,5,1,0.0,0.999999922110396,7.788960397183325e-08,3.494178573527271e-18,0.0,0.0
2024-08-20,5,1,0.0,0.9999999996627984,3.3720159919543247e-10,1.9831495617447673e-28,0.0,0.0
2024-08-21,5,1,0.0,0.999999996175561,3.8244390166327296e-09,7.897443472035909e-21,0.0,1.61797147126658e-118
2024-08-22,5,1,0.0,1.0,7.52448669103503e-23,2.1945129886743013e-74,0.0,0.0
2024-08-23,5,1,0.0,0.9999999993458105,6.541894684263927e-10,1.196155811323546e-18,0.0,0.0
2024-08-26,5,1,0.0,0.9999999999804858,2.7722826291998883e-180,1.9514188839466335e-11,0.0,0.0
2024-08-27,5,1,0.0,0.9999999989113317,1.0886682799327667e-09,7.953085612220557e-71,0.0,0.0
2024-08-28,5,1,0.0,0.9999999780284478,0.0,2.1971552274924514e-08,0.0,0.0
2024-08-29,5,1,0.0,1.0,1.5372482586322648e-19,2.5234861327177833e-17,0.0,0.0
2024-08-30,5,1,0.0,0.9999999999994069,0.0,5.931667951863462e-13,0.0,2.323421132400983e-298
2024-09-03,5,1,0.0,0.9999999982773662,1.7226338061037964e-09,1.1448896600247803e-34,0.0,2.2309705273277756e-197
2024-09-04,5,1,0.0,0.9999999999834,0.0,1.6600066764676805e-11,0.0,0.0
2024-09-05,5,1,0.0,0.9999988810325037,1.1189674963200802e-06,2.8971101808336313e-19,0.0,0.0
2024-09-06,4,1,0.0,0.9999999086709925,9.1329007497445e-08,1.0847780033723061e-44,0.0,0.0
2024-09-09,4,1,0.0,0.9999954831981882,4.516801811821616e-06,1.4607904532691208e-39,0.0,0.0
2024-09-10,4,1,0.0,0.9999994150949334,5.849050665762893e-07,8.834948619651569e-28,0.0,0.0
2024-09-11,4,1,0.0,0.9999999293916345,4.194199334385467e-38,7.060836547682148e-08,0.0,0.0
2024-09-12,4,1,0.0,0.9999999999999853,2.179890163542212e-234,1.4701163040916803e-14,0.0,0.0
2024-09-13,6,1,0.0,0.9999999828582801,1.714172000853956e-08,2.7399589140629436e-18,0.0,0.0
2024-09-16,6,1,0.0,0.9999999919036999,8.096300067026425e-09,6.3005484604074146e-28,0.0,0.0
2024-09-17,6,1,0.0,0.9999999949058186,5.094181480073615e-09,1.6729570534689262e-28,0.0,0.0
2024-09-18,6,1,0.0,0.9999999522564603,4.7612594617403825e-08,1.3094507422439589e-10,0.0,0.0
2024-09-19,6,1,0.0,0.9999999972174262,2.782573803004272e-09,1.4968306844045886e-33,0.0,0.0
2024-09-20,6,1,0.0,0.9999983785076315,1.6214923684020714e-06,1.5249252218291428e-21,0.0,0.0
2024-09-23,6,1,0.0,1.0,0.0,2.9456759789634015e-19,0.0,0.0
2024-09-24,6,1,0.0,0.9999999999994356,5.943718130113867e-47,5.645468295428269e-13,0.0,0.0
2024-09-25,6,1,0.0,0.999999999999983,1.0747942868403216e-17,1.6987172135988778e-14,0.0,0.0
2024-09-26,6,1,0.0,0.9999999999975294,4.684303625597213e-16,2.470088934561184e-12,0.0,1.0500311046543386e-46
2024-09-27,4,1,0.0,0.9999999010806201,9.891937986011941e-08,4.26533425642977e-38,0.0,0.0
2024-09-30,4,1,0.0,0.999999999999999,3.433825410670607e-179,1.0273337177457388e-15,0.0,0.0
2024-10-01,4,1,0.0,0.9999999999999998,7.42896982124461e-171,2.8007060480389285e-16,0.0,0.0
2024-10-02,4,1,0.0,1.0,0.0,5.400285318907576e-22,0.0,0.0
2024-10-03,4,1,0.0,0.9999943895116579,5.610488342093358e-06,0.0,0.0,0.0
2024-10-04,4,1,0.0,0.999999947891104,5.2108895942806185e-08,6.40454231303001e-43,0.0,0.0
2024-10-07,4,1,0.0,1.0,0.0,2.8511647589440984e-37,0.0,0.0
2024-10-08,4,2,0.0,0.4034574810100708,0.5965425189899292,6.5362739283037655e-31,0.0,0.0
2024-10-09,4,1,0.0,0.5335005709668191,0.4664994290331808,1.0104063257909641e-27,0.0,0.0
2024-10-10,4,1,0.0,1.0,0.0,6.407196714484587e-34,0.0,0.0
2024-10-11,6,1,0.0,1.0,0.0,2.33731264872218e-51,0.0,0.0
2024-10-14,6,2,0.0,0.0008852537107694261,0.9991147462892306,1.1800499960001631e-49,0.0,0.0
2024-10-15,6,2,0.0,0.000804419898921405,0.9991955801010786,6.7893955283927555e-53,0.0,0.0
2024-10-16,6,1,0.0,1.0,2.505766550764885e-32,4.081137989486712e-26,0.0,1.9849893549719566e-23
2024-10-17,6,1,0.0,1.0,2.9540637433500643e-32,1.8172466376485333e-27,0.0,1.4082884779669965e-25
2024-10-18,5,1,0.0,0.9945613379030777,0.005438662096922288,2.8979172546595616e-24,0.0,0.0
2024-10-21,5,1,0.0,0.9999999867716736,1.3228326438909588e-08,2.6772233501094112e-39,0.0,2.171260832645244e-107
2024-10-22,5,1,0.0,1.0,0.0,3.92776119685651e-23,0.0,0.0
2024-10-23,5,1,0.0,0.9999999999999987,0.0,1.2943096479966023e-15,0.0,3.602032759707606e-132
2024-10-24,5,2,0.0,1.3322257160827897e-08,0.9999999866777428,9.969474350234033e-42,0.0,0.0
2024-10-25,5,2,0.0,2.0556522167276536e-08,0.9999999794434777,5.0982064584177496e-42,0.0,0.0
2024-10-28,5,1,0.0,0.9999999994886805,5.113195033115842e-10,0.0,0.0,0.0
2024-10-29,5,1,0.0,1.0,0.0,2.811340849283883e-18,0.0,0.0
2024-10-30,5,1,0.0,1.0,0.0,7.423605766188133e-19,0.0,0.0
2024-10-31,5,1,0.0,0.9999999999967799,5.265185563191584e-122,3.220141113951549e-12,0.0,0.0
2024-11-01,6,2,0.0,3.6989968436380535e-05,0.9999630100315636,7.361303512013201e-28,0.0,1.368783893599267e-208
2024-11-04,6,1,0.0,1.0,1.238990426439059e-56,3.781255158689788e-24,0.0,2.1050843721945134e-23
2024-11-05,6,1,0.0,0.9998624420117834,0.00013755798821661575,6.323088405946585e-27,0.0,0.0
2024-11-06,6,2,0.0,0.0012616093529705268,0.998738389385538,1.2614915282301416e-09,0.0,0.0
2024-11-07,6,1,0.0,0.9999999999999674,0.0,3.2623220006770476e-14,0.0,0.0
2024-11-08,3,1,0.0,0.9999927962437863,0.0,7.203756213677379e-06,0.0,0.0
2024-11-11,3,1,0.0,0.9999967980132802,0.0,3.2019867197867015e-06,0.0,0.0
2024-11-12,3,1,0.0,0.9999996844037944,0.0,3.155962055282176e-07,0.0,0.0
2024-11-13,3,1,0.0,0.9999999928059179,0.0,7.194082013633322e-09,0.0,0.0
2024-11-14,3,1,0.0,0.9999999935332369,0.0,6.466763208853556e-09,0.0,0.0
2024-11-15,6,1,0.0,0.9996091287565756,0.0003908712434009047,2.350929579792374e-14,0.0,0.0
2024-11-18,6,1,0.0,0.9999999999993961,0.0,6.038699865576929e-13,0.0,0.0
2024-11-19,6,1,0.0,0.9999999976518199,0.0,2.3481799929444236e-09,0.0,0.0
2024-11-20,6,1,0.0,0.9999999999946314,0.0,5.368640195049954e-12,0.0,0.0
2024-11-21,6,1,0.0,0.9999999999999998,3.218346739560846e-18,2.1287287401634167e-16,0.0,0.0
2024-11-22,6,1,0.0,1.0,0.0,1.8909887679378584e-25,0.0,0.0
2024-11-25,6,1,0.0,0.9999999789077669,2.1092233083228914e-08,1.3274975378057027e-21,0.0,0.0
2024-11-26,6,1,0.0,0.9999995595082055,4.4003092230606854e-07,4.6087214267782435e-10,0.0,0.0
2024-11-27,6,1,0.0,0.9999127329281415,8.726707185831891e-05,1.3574515927362755e-16,0.0,0.0
2024-11-29,6,1,0.0,0.9999999999995569,0.0,4.430800736519811e-13,0.0,0.0
2024-12-02,5,1,0.0,1.0,0.0,7.13788844876967e-27,0.0,0.0
2024-12-03,5,1,0.0,0.9999999999968153,0.0,3.1847068245640397e-12,0.0,5.039238708199298e-300
2024-12-04,5,1,2.80979581091361e-300,0.9999999999715198,0.0,2.848027094817021e-11,0.0,0.0
2024-12-05,5,1,0.0,0.9999999343755525,0.0,6.562444748727291e-08,0.0,0.0
2024-12-06,5,1,0.0,0.9999975635107882,2.436489211842406e-06,1.1721660587076123e-21,0.0,0.0
2024-12-09,6,1,0.0,0.9999999999998019,0.0,1.980376404888721e-13,0.0,0.0
2024-12-10,6,1,0.0,0.9999999999950568,1.8008682412918143e-35,4.943142479265363e-12,0.0,0.0
2024-12-11,6,1,0.0,1.0,3.821086655137257e-42,4.571390704155232e-28,0.0,7.37728045057224e-26
2024-12-12,6,1,0.0,0.9999999999244111,7.558887044092687e-11,5.4152069270476974e-21,0.0,0.0
2024-12-13,6,1,0.0,1.0,0.0,1.3329947006953867e-31,0.0,0.0
2024-12-16,5,1,0.0,0.9999948888184733,5.1111815266908345e-06,2.713979812756086e-23,0.0,4.612163138926671e-62
2024-12-17,5,1,0.0,0.999999999998565,1.4349483489513665e-12,6.290926822043933e-25,0.0,0.0
2024-12-18,5,1,0.0,0.9999999999888056,1.11944025778746e-11,3.3504947160863496e-26,0.0,0.0
2024-12-19,5,1,0.0,0.9896625537237913,0.01030513770992888,3.23085662798027e-05,0.0,0.0
2024-12-20,5,1,0.0,0.9999999999946816,2.2165780304532438e-91,5.318452400998113e-12,0.0,0.0
2024-12-23,3,1,0.0,0.9999999980188524,0.0,1.9811476063997107e-09,0.0,0.0
2024-12-24,3,1,0.0,0.9999999992103119,0.0,7.896881045685193e-10,0.0,0.0
2024-12-26,3,1,0.0,0.9999997178506341,2.8214936590284373e-07,0.0,0.0,0.0
2024-12-27,3,1,0.0,0.9999999981491828,0.0,1.850817121815134e-09,0.0,0.0
2024-12-30,3,1,0.0,0.9999999983169673,0.0,1.6830326729772046e-09,0.0,0.0
2024-12-31,6,1,0.0,0.999999999995858,2.6895274889537817e-14,4.115115941011298e-12,0.0,0.0
2025-01-02,6,1,0.0,0.9999999999357845,0.0,6.421556407409646e-11,0.0,1.202327608658086e-90
2025-01-03,6,1,0.0,0.9999999029784965,9.695207675152287e-08,6.942685813506804e-11,0.0,0.0
2025-01-06,6,1,0.0,0.9999999999999922,6.480537341028482e-15,1.3695131537593546e-15,0.0,0.0
2025-01-07,6,1,0.0,0.9999999999999828,2.623582290814915e-46,1.72589989375121e-14,0.0,0.0
2025-01-08,5,1,0.0,0.9999928884367912,7.111563208743868e-06,6.719425613052015e-39,0.0,0.0
2025-01-10,5,1,0.0,0.9999999209750939,0.0,7.902490602085321e-08,0.0,0.0
2025-01-13,5,1,0.0,0.9999930642996334,6.935700366391631e-06,1.61775879749869e-16,0.0,0.0
2025-01-14,5,1,0.0,0.9999999964491993,3.5508005754571723e-09,1.6428338970016405e-35,0.0,7.386283899562811e-208
2025-01-15,5,1,0.0,0.9999999916922259,8.307774118877105e-09,6.747934628767127e-34,0.0,1.0865440084170802e-208
2025-01-16,5,1,0.0,1.0,0.0,2.4183138999022308e-30,0.0,0.0
2025-01-17,5,1,0.0,0.999999999999998,0.0,2.022980294057746e-15,0.0,1.5827290402875282e-101
2025-01-21,5,1,0.0,0.9999999999783357,0.0,2.1664396764785685e-11,0.0,0.0
2025-01-22,5,1,0.0,0.9999999999994041,0.0,5.958683958689172e-13,0.0,0.0
2025-01-23,5,1,2.3567216104062225e-195,0.999967834454771,3.2165545229079856e-05,1.0912353891985714e-23,0.0,0.0
2025-01-24,6,1,0.0,1.0,0.0,9.218188112536937e-31,0.0,0.0
2025-01-27,6,1,0.0,0.9999790814732094,2.0918526790723126e-05,2.4982010680007306e-21,0.0,0.0
2025-01-28,6,1,0.0,0.9999999994686294,5.168442396915368e-10,1.4526277851405547e-11,0.0,0.0
2025-01-29,6,1,0.0,0.9999999999999601,1.3507250308603886e-16,3.9732372097092685e-14,0.0,0.0
2025-01-30,6,1,0.0,0.9999999999999822,0.0,1.774403044782933e-14,0.0,0.0
2025-01-31,3,1,0.0,0.9999999614326923,0.0,3.856730773383912e-08,0.0,0.0
2025-02-03,3,1,0.0,0.9999999982602303,0.0,1.7397695788002548e-09,0.0,0.0
2025-02-04,3,1,0.0,0.9999996852060984,3.1479390163660465e-07,0.0,0.0,0.0
2025-02-05,3,1,0.0,0.999999986581156,0.0,1.3418843997396701e-08,0.0,0.0
2025-02-06,3,1,0.0,0.9999999833148827,0.0,1.668511721410384e-08,0.0,0.0
2025-02-07,3,1,0.0,0.9999999874603919,0.0,1.2539608087489149e-08,0.0,0.0
2025-02-10,3,1,0.0,0.9999999867582522,0.0,1.3241747806342344e-08,0.0,0.0
2025-02-11,3,1,0.0,0.9999999743577797,0.0,2.5642220429701538e-08,0.0,0.0
2025-02-12,3,1,0.0,0.9999999938168369,0.0,6.183163127137568e-09,0.0,0.0
2025-02-13,3,1,0.0,0.999994767764442,5.232235558092739e-06,0.0,0.0,0.0
2025-02-14,5,1,0.0,0.9999999999999991,0.0,8.257530203719839e-16,0.0,0.0
2025-02-18,5,1,0.0,0.9999999988339272,0.0,1.1660728970928863e-09,0.0,0.0
2025-02-19,5,1,0.0,0.9755753548072875,0.024424645192712455,1.590970482852433e-34,0.0,0.0
2025-02-20,5,1,0.0,0.9999999999999992,0.0,8.019418410282721e-16,0.0,0.0
2025-02-21,5,1,0.0,0.9999999999999896,0.0,1.041462834896573e-14,0.0,0.0
2025-02-24,6,1,0.0,1.0,9.088282653548888e-19,5.515124612638393e-18,0.0,0.0
2025-02-25,6,1,0.0,0.9999956578843898,4.342115610183105e-06,2.906120845958867e-30,0.0,0.0
2025-02-26,6,1,0.0,0.9999999999922398,0.0,7.760143728649709e-12,0.0,0.0
2025-02-27,6,1,0.0,1.0,3.4052642224921687e-18,2.6213120518748152e-20,0.0,0.0
2025-02-28,6,1,0.0,0.999999999999873,0.0,1.2690440354551455e-13,0.0,0.0
2025-03-03,5,1,0.0,0.9997162516186032,0.000283748381396838,1.5765329167759357e-31,0.0,1.392558027747792e-73
2025-03-04,5,1,0.0,0.9998627378258077,0.00013726217418435073,7.92913529437666e-15,0.0,0.0
2025-03-05,5,1,0.0,0.9999999990418809,0.0,9.581191102136109e-10,0.0,0.0
2025-03-06,5,1,0.0,0.9999999999628523,0.0,3.714770661327574e-11,0.0,7.965119517853766e-97
2025-03-07,5,1,0.0,1.0,0.0,7.55073689398119e-100,0.0,4.039472682560549e-34
2025-03-10,5,1,0.0,0.9999980849946576,1.9150053424156395e-06,1.0704638499491856e-31,0.0,3.595112233778986e-86
2025-03-11,5,1,0.0,0.99750071809192,0.0012051051680756796,0.0012941767400043382,0.0,0.0
2025-03-12,5,1,0.0,0.9997067961124383,0.0002668936418625138,2.6310245699244354e-05,0.0,0.0
2025-03-13,5,1,0.0,0.9999157734257821,8.302776251694404e-05,1.1988117009026931e-06,0.0,0.0
2025-03-14,5,1,0.0,0.9999999074051795,0.0,9.259482048692635e-08,0.0,0.0
2025-03-17,5,1,0.0,0.9999907502559582,9.249744041929912e-06,2.627787238072753e-32,0.0,1.6237571675436467e-78
2025-03-18,5,1,0.0,0.9999992642290125,7.357709874830272e-07,9.5915305661619e-34,0.0,1.6698565156939027e-96
2025-03-19,5,1,0.0,0.9999999999999998,0.0,2.763358087107368e-16,0.0,0.0
2025-03-20,5,1,0.0,0.9998655982476197,0.00013440175238031222,1.1011328970725437e-31,0.0,2.943345186927502e-143
2025-03-21,5,1,0.0,0.9999999999984936,0.0,1.506373554495729e-12,0.0,0.0
2025-03-24,6,1,0.0,0.9999999999920457,2.6416902214605546e-50,7.95420672078512e-12,0.0,0.0
2025-03-25,6,1,0.0,0.9999999870633717,1.2936628280278298e-08,1.6267269476087528e-38,0.0,0.0
2025-03-26,6,1,0.0,0.9999999999775195,1.887246859876829e-11,3.6080239492259117e-12,0.0,0.0
2025-03-27,6,1,0.0,0.9999753632227096,2.463677729039208e-05,1.284878129300316e-30,0.0,0.0
2025-03-28,6,1,0.0,0.9999999791497334,1.02276992427658e-27,2.0850266590565595e-08,0.0,0.0
2025-03-31,6,1,0.0,0.9999999859079892,1.4092010829519831e-08,3.062875195463461e-26,0.0,0.0
2025-04-01,6,1,0.0,0.9999999999911683,8.831697251092708e-12,6.828893267560143e-27,0.0,0.0
2025-04-02,6,1,0.0,0.9999999999999936,0.0,6.523507407673881e-15,0.0,0.0
2025-04-03,6,1,0.0,0.9999993473480644,6.43657765101335e-07,8.994170548674193e-09,0.0,0.0
2025-04-04,6,3,0.0,0.0012334744097247038,3.830897817100043e-06,0.9987626946924582,0.0,0.0
2025-04-07,4,2,0.0,1.2043086073405602e-08,0.9999999879569139,2.899375490571296e-18,0.0,0.0
2025-04-08,4,1,0.0,0.9882387432766424,0.01176125264100173,4.082355864811257e-09,0.0,0.0
2025-04-09,4,3,0.0,4.1748798049491915e-05,0.0,0.9999582512019505,0.0,0.0
2025-04-10,4,1,0.0,0.9999999999730376,0.0,2.6962510064157774e-11,0.0,0.0
2025-04-11,4,2,0.0,6.381156860097094e-10,0.9999999993618843,2.600768683592376e-19,0.0,0.0
2025-04-14,6,2,0.0,0.0001182985659953349,0.9998817014340048,4.345708796315411e-23,0.0,0.0
2025-04-15,6,1,0.0,0.9999999238497357,7.614635570489197e-08,3.908704734752731e-12,0.0,0.0
2025-04-16,6,1,0.0,1.0,0.0,2.131897248134834e-26,0.0,0.0
2025-04-17,6,1,0.0,1.0,0.0,1.3311521939403828e-50,0.0,0.0
2025-04-21,6,2,0.0,0.0002129378935901219,0.99978706210641,6.49181768999834e-23,0.0,0.0
2025-04-22,5,2,0.0,4.935248533448617e-07,0.9999995064751467,1.1193042422614605e-29,0.0,9.552502977735011e-102
2025-04-23,5,3,0.0,6.949392294846595e-07,7.21884702924957e-144,0.9999993050607705,0.0,0.0
2025-04-24,5,1,0.0,0.9999999999230234,0.0,7.697664642044554e-11,0.0,7.759565298224357e-109
2025-04-25,5,2,0.0,5.429297252023062e-13,0.9999999999994571,2.3976883530336876e-22,0.0,0.0
2025-04-28,5,2,0.0,0.00014649992648144047,0.9998535000735186,7.558990735059273e-34,0.0,2.741932887090919e-115
2025-04-29,6,2,0.0,2.0519005016142407e-05,0.9997908613130442,0.00018861968193967422,0.0,0.0
2025-04-30,6,1,0.0,0.9999993554564522,0.0,6.445435477392956e-07,0.0,3.94057717419379e-31
2025-05-01,6,1,0.0,1.0,4.89436779294169e-64,8.302593543313459e-39,0.0,0.0
2025-05-02,6,2,0.0,1.195384988133343e-05,0.9999880461501187,6.135809208594675e-26,0.0,0.0
2025-05-05,6,1,0.0,0.9999251142162954,4.142504812579812e-05,3.346073557899435e-05,0.0,0.0
2025-05-06,2,2,0.0,1.9485310800615476e-09,0.9999999980514689,0.0,0.0,0.0
2025-05-07,2,2,0.0,1.0847228144475665e-07,0.9999998915277185,0.0,0.0,0.0
2025-05-08,2,2,0.0,8.290810426478124e-06,0.9999917091895735,0.0,0.0,0.0
2025-05-09,2,2,0.0,2.0802756682387706e-05,0.9999791972433175,0.0,0.0,0.0
2025-05-12,2,2,0.0,0.04781356319922072,0.9521864368007792,0.0,0.0,0.0
2025-05-13,6,3,0.0,1.3660927342768545e-07,1.626316811543099e-11,0.9999998633744633,0.0,0.0
2025-05-14,6,3,0.0,1.7245334126014125e-06,3.6657114956608417e-10,0.9999982751000163,0.0,0.0
2025-05-15,6,2,0.0,8.676686829744908e-07,0.9999991323313171,5.139755085973598e-24,0.0,0.0
2025-05-16,6,2,0.0,1.8985654371975987e-05,0.999981014345628,2.5038217175906475e-20,0.0,0.0
2025-05-19,6,2,0.0,7.320562506896717e-18,1.0,6.686732066568472e-32,0.0,0.0
2025-05-20,6,1,0.0,0.9999999578388092,3.5458675264585905e-10,4.18066040305691e-08,0.0,0.0
2025-05-21,6,1,0.0,1.0,0.0,1.2457225342560023e-24,0.0,0.0
2025-05-22,6,2,0.0,1.708951266775033e-07,0.9999998291048733,4.072912406961867e-40,0.0,5.846172827899602e-144
2025-05-23,6,2,0.0,3.0814427153786947e-09,0.9999999969185572,7.555046464422694e-22,0.0,0.0
2025-05-27,6,1,0.0,0.9999894988909407,2.784349984045383e-175,1.0501109059278154e-05,0.0,0.0
2025-05-28,6,2,0.0,7.832475727325356e-10,0.9999999992167525,4.457237747914669e-37,0.0,0.0
2025-05-29,6,1,0.0,0.9999998941731186,1.558043232913574e-26,1.0582688128744145e-07,0.0,0.0
2025-05-30,6,1,0.0,0.9999495705558077,5.0429444192429354e-05,1.5536976863697657e-52,0.0,0.0
2025-06-02,6,2,0.0,1.7149628328855405e-05,0.9999825621909902,2.881806809195437e-07,0.0,0.0
2025-06-03,6,1,0.0,1.0,1.7866726233198192e-20,8.128385539244162e-28,0.0,0.0
2025-06-04,6,2,0.0,0.029805159568064496,0.9701948404271877,4.7477259982439155e-12,0.0,0.0
2025-06-05,6,1,0.0,0.999999999162289,0.0,8.377109855338952e-10,0.0,0.0
2025-06-06,6,2,0.0,4.181374503388629e-05,0.9999581862549662,6.363639022913542e-20,0.0,0.0
2025-06-09,6,2,0.0,1.807486920436803e-07,0.9999998192513079,5.190571850945059e-24,0.0,0.0
2025-06-10,6,2,0.0,2.6982422313488135e-07,0.9999997301757769,3.0637505380482416e-24,0.0,0.0
2025-06-11,6,1,0.0,0.999999982334039,0.0,1.7665960992101565e-08,0.0,0.0
2025-06-12,6,2,0.0,3.3886935833798635e-10,0.9999999996591195,2.0111867904439913e-12,0.0,0.0
2025-06-13,6,2,0.0,2.9463846439602897e-07,0.9999997053581535,3.3820613764330018e-12,0.0,0.0
2025-06-16,6,1,0.0,0.99993852385849,0.0,6.147614151001187e-05,0.0,0.0
2025-06-17,6,2,0.0,3.98662403025808e-07,0.9999996013374233,1.7378705524871393e-13,0.0,0.0
2025-06-18,5,2,0.0,9.35040751481876e-10,0.9999999450545288,5.401043046057192e-08,0.0,0.0
2025-06-20,5,2,0.0,6.354149877008587e-07,0.9999993645850124,7.071810810801553e-30,0.0,0.0
2025-06-23,5,1,0.0,0.9998668688318776,0.00013313116812232719,2.0693950397308155e-24,0.0,5.574020525617305e-198
2025-06-24,5,1,0.0,0.9511012989774817,0.0,0.048898701022518226,0.0,0.0
2025-06-25,5,2,0.0,5.84180908487468e-07,0.9999994158190896,1.925506594573997e-15,0.0,9.321079436682231e-104
2025-06-26,6,2,0.0,7.96883257618376e-07,0.9999992031167424,5.315873909184002e-18,0.0,0.0
2025-06-27,6,1,0.0,0.999999851215661,1.2111625196813226e-15,1.487843377721708e-07,0.0,0.0
2025-06-30,6,1,0.0,0.9046305307674157,0.09536946825849224,9.74091997323183e-10,0.0,0.0
2025-07-01,6,1,0.0,0.999999999989938,0.0,1.0062030028894924e-11,0.0,0.0
2025-07-02,6,1,0.0,0.9999998437732909,2.70004845154342e-23,1.562267091495909e-07,0.0,0.0
2025-07-03,4,2,0.0,0.025892735774505977,0.9741072603903214,3.835172524945283e-09,0.0,0.0
2025-07-07,4,1,0.0,1.0,0.0,6.954428578362114e-18,0.0,9.343808974626404e-272
2025-07-08,4,1,0.0,1.0,0.0,1.1851989028183334e-18,0.0,4.674470309436722e-289
2025-07-09,4,1,0.0,0.9999999999999996,0.0,4.180517076988791e-16,0.0,0.0
2025-07-10,4,1,0.0,0.9999999980925932,1.9073885115578257e-09,1.8172290454907954e-14,0.0,0.0
2025-07-11,5,1,0.0,0.9999999980985158,0.0,1.9014841103142354e-09,0.0,0.0
2025-07-14,5,1,0.0,0.9999999989834909,0.0,1.0165091027392253e-09,0.0,0.0
2025-07-15,5,1,2.7910707e-317,0.9999999998785498,0.0,1.21450199375981e-10,0.0,0.0
2025-07-16,5,1,0.0,0.9999999999852932,3.9454291614486106e-15,1.470275566961113e-11,0.0,0.0
2025-07-17,5,1,0.0,0.9999999992859652,7.140348215336207e-10,4.704507965014578e-22,0.0,2.1513082941462296e-167
2025-07-18,6,1,0.0,0.9999999994265438,1.1345741641298769e-17,5.734561455576251e-10,0.0,0.0
2025-07-21,6,1,0.0,1.0,1.9512302397531986e-44,2.018144103583606e-27,0.0,0.0
2025-07-22,6,1,0.0,0.9999999996114153,3.8850609162519234e-10,7.870253116167083e-14,0.0,0.0
2025-07-23,6,1,0.0,0.9999999999551036,4.489620405069473e-11,2.263063461831041e-16,0.0,0.0
2025-07-24,6,1,0.0,0.9998139711081535,0.00018602889184648707,2.119704423107187e-20,0.0,0.0
2025-07-25,6,1,0.0,0.9999999999997151,0.0,2.848632710872569e-13,0.0,0.0
2025-07-28,6,1,0.0,0.999989324128701,1.0675838952622622e-05,3.2346396888932997e-11,0.0,0.0
2025-07-29,6,1,0.0,0.9999999999999998,2.735743633298011e-16,3.715603661773342e-19,0.0,0.0
2025-07-30,6,1,0.0,0.9999999999945346,5.465379106232477e-12,1.0922247198269034e-18,0.0,0.0
2025-07-31,6,1,0.0,1.0,0.0,7.02416162518469e-25,0.0,8.661261885567635e-69
2025-08-01,5,1,0.0,0.9999714657260826,2.8534273917285448e-05,8.51643543254442e-28,0.0,0.0
2025-08-04,5,1,0.0,0.9130721785791011,0.0869278214208989,1.847390816193803e-17,0.0,0.0
2025-08-05,5,1,0.0,0.9999999995357591,0.0,4.642409143299177e-10,0.0,0.0
2025-08-06,5,1,0.0,0.9999999903293901,9.670609828192285e-09,3.757303956784664e-42,0.0,0.0
2025-08-07,5,1,0.0,0.99999999904882,0.0,9.511799713100124e-10,0.0,0.0
2025-08-08,6,1,0.0,0.9999999979451547,2.0548453047642823e-09,6.470842832840871e-31,0.0,0.0
2025-08-11,6,1,0.0,0.99999999994676,5.3239933445974655e-11,3.128815196892672e-33,0.0,0.0
2025-08-12,6,1,0.0,1.0,0.0,5.0795607942418584e-26,0.0,0.0
2025-08-13,6,1,0.0,0.9999999525101971,4.7489771022310597e-08,3.1840188182161076e-14,0.0,0.0
2025-08-14,6,1,0.0,0.9999999982762692,8.537158285346813e-13,1.7228769901619251e-09,0.0,0.0
2025-08-15,6,1,0.0,0.9999999999998126,0.0,1.8743763165251748e-13,0.0,0.0
2025-08-18,6,1,0.0,0.9999999999898141,1.0185872222056158e-11,3.361407403094262e-31,0.0,0.0
2025-08-19,6,1,0.0,0.9999844728768774,1.5527123122646432e-05,1.4591052364317908e-26,0.0,0.0
2025-08-20,6,1,0.0,0.9999999935045514,6.495448676637749e-09,1.0031261852530038e-28,0.0,0.0
2025-08-21,6,1,0.0,0.9999999999981295,0.0,1.8704548334108184e-12,0.0,0.0
2025-08-22,6,1,0.0,0.999999999289904,7.100958937079037e-10,2.761537667362609e-34,0.0,0.0
2025-08-25,6,1,0.0,0.9999993535457434,6.464542565264196e-07,3.4276708550422635e-22,0.0,5.202247060040268e-31
2025-08-26,6,1,0.0,0.9999999465661406,5.343385951692351e-08,9.945595853836737e-33,0.0,0.0
2025-08-27,6,1,0.0,0.9999999999999858,1.4247767989531788e-14,3.442921672815634e-24,0.0,0.0
2025-08-28,6,1,0.0,1.0,1.656736933357298e-22,6.873489150439055e-39,0.0,0.0
2025-08-29,6,1,0.0,0.9999999999995968,1.185731171288945e-24,4.033221362115067e-13,0.0,9.450481380308814e-48
2025-09-02,6,1,0.0,0.9999997855454884,2.144545115674286e-07,2.1977240398027636e-30,0.0,0.0
2025-09-03,6,1,0.0,0.9999997330590845,0.0,2.669409153844331e-07,0.0,0.0
2025-09-04,6,1,0.0,0.9999999999976561,0.0,2.3438950739397723e-12,0.0,0.0
2025-09-05,6,1,0.0,0.9999999999172593,5.5897411396439024e-15,8.273515266499192e-11,0.0,0.0
2025-09-08,3,1,0.0,0.9999999897994537,1.0200546203663625e-08,0.0,0.0,0.0
2025-09-09,3,1,0.0,0.9999999990524525,9.475475394409182e-10,0.0,0.0,0.0
2025-09-10,3,1,0.0,0.9999999976759719,2.324028108345744e-09,0.0,0.0,0.0
2025-09-11,3,1,0.0,0.9999999974953869,2.504613086429628e-09,0.0,0.0,0.0
2025-09-12,3,1,0.0,0.9999999783285748,2.167142528567532e-08,0.0,0.0,0.0
2025-09-15,5,1,0.0,0.9999999999999999,9.466299357801827e-17,9.437283123314804e-50,0.0,0.0
2025-09-16,5,1,0.0,1.0,0.0,7.680730750256769e-19,0.0,3.772697268744581e-123
2025-09-17,5,1,0.0,0.999999984805699,0.0,1.519430107326902e-08,0.0,0.0
2025-09-18,5,1,0.0,0.999999999562298,0.0,4.377019679681879e-10,0.0,0.0
2025-09-19,5,1,0.0,0.9999996442440418,3.5575595828580703e-07,0.0,0.0,0.0
2025-09-22,5,1,0.0,0.9999999999999998,0.0,2.3731025035489635e-16,0.0,0.0
2025-09-23,5,1,0.0,0.9999563196141074,4.368038589265789e-05,2.5944873106691947e-33,0.0,0.0
2025-09-24,5,1,0.0,0.9999998767732057,1.2322679431986965e-07,7.663890285272869e-72,0.0,6.6261783e-316
2025-09-25,5,1,0.0,0.9999999555416155,0.0,4.4458384572374325e-08,0.0,0.0
2025-09-26,5,1,0.0,0.9999999999999998,0.0,1.9995845601067635e-16,0.0,0.0
2025-09-29,6,1,0.0,0.9999997844761906,2.1542123903879776e-07,1.0257018653889128e-10,0.0,0.0
2025-09-30,6,1,0.0,0.9999999998207822,6.174694574544523e-13,1.7860021656477698e-10,0.0,0.0
2025-10-01,6,1,0.0,1.0,2.3990672161121114e-26,5.30875954993617e-22,0.0,0.0
2025-10-02,6,1,0.0,0.9999999851942427,1.4805757122610958e-08,1.123188290611727e-16,0.0,0.0
2025-10-03,6,1,0.0,1.0,3.100935959506376e-17,7.348920701914054e-41,0.0,0.0
2025-10-06,3,1,0.0,0.9999999908841506,9.115849321660393e-09,0.0,0.0,0.0
2025-10-07,3,1,0.0,0.9999929883881202,7.011611879806372e-06,0.0,0.0,0.0
2025-10-08,3,1,0.0,0.9999999840744039,0.0,1.5925596102439453e-08,0.0,0.0
2025-10-09,3,1,0.0,0.9999998958606482,0.0,1.0413935180812729e-07,0.0,0.0
2025-10-10,3,1,0.0,0.9999977320541749,0.0,2.267945825167212e-06,0.0,0.0
2025-10-13,6,1,0.0,0.9998289100226636,0.0,0.00017108997733645854,0.0,0.0
2025-10-14,6,1,0.0,0.97492505295695,0.025074947043049998,3.06660819663582e-32,0.0,0.0
2025-10-15,6,1,0.0,0.6592567984636827,0.3407432015363173,5.442691146478003e-26,0.0,0.0
2025-10-16,6,1,0.0,0.9999227892802458,7.721071970718389e-05,4.7157544176781765e-14,0.0,0.0
2025-10-17,6,1,0.0,0.999999999972984,0.0,2.7015940711476268e-11,0.0,0.0
2025-10-20,6,1,0.0,0.9981766361893532,0.001823363810646867,2.453790264054083e-33,0.0,0.0
2025-10-21,6,1,0.0,1.0,0.0,7.719281663633648e-26,0.0,1.2386955136430588e-76
2025-10-22,6,1,0.0,0.9999999999947855,0.0,5.214507161063664e-12,0.0,0.0
2025-10-23,6,1,0.0,0.9993199635197192,0.0001802116843101841,0.000499824795970574,0.0,0.0
2025-10-24,6,1,0.0,0.9999999998852219,1.5089438345805825e-21,1.1477811190832334e-10,0.0,5.660564338314696e-173
2025-10-27,6,1,0.0,0.9999999999780851,5.601227322803814e-42,2.1914879460846118e-11,0.0,0.0
2025-10-28,6,1,0.0,0.9999999999999998,0.0,1.313351506487537e-16,0.0,7.964307544594648e-67
2025-10-29,6,1,0.0,0.9999999981740861,1.2477396711619837e-10,1.7011400008998517e-09,0.0,0.0
2025-10-30,6,1,0.0,0.9999999999999998,0.0,1.886898562500551e-16,0.0,0.0
2025-10-31,6,1,0.0,0.9999999999996956,0.0,3.044276294347522e-13,0.0,0.0
2025-11-03,5,1,0.0,0.9999992367851012,7.632148987959268e-07,3.149454570976888e-17,0.0,0.0
2025-11-04,5,1,0.0,0.9999999999801222,0.0,1.9877797377583055e-11,0.0,0.0
2025-11-05,5,1,0.0,0.99997553303832,2.4466540407064186e-05,4.2127293281763293e-10,0.0,0.0
2025-11-06,5,1,0.0,0.9999792323543018,2.0767645698213962e-05,7.387908676799399e-20,0.0,4.2602239275878726e-217
2025-11-07,5,1,0.0,0.9999999999996292,0.0,3.708299430333039e-13,0.0,0.0
2025-11-10,6,1,0.0,1.0,2.2807602165773347e-31,3.536971156223801e-36,0.0,0.0
2025-11-11,6,1,0.0,0.999999996975732,2.84137980598308e-09,1.8288811890652547e-10,0.0,0.0
2025-11-12,6,1,0.0,1.0,8.000234945696119e-22,7.990953112701706e-21,0.0,0.0
2025-11-13,6,1,0.0,0.9999999999999678,2.9810236687393732e-36,3.2279215747230196e-14,0.0,0.0
2025-11-14,6,1,0.0,0.9999999888187727,0.0,1.1181227255335399e-08,0.0,0.0
2025-11-17,6,1,0.0,0.9999950091331401,4.990866859869462e-06,4.654180811246275e-25,0.0,0.0
2025-11-18,6,1,0.0,0.9999998930307233,1.0696925714410406e-07,1.9585497703189265e-14,0.0,0.0
2025-11-19,6,1,0.0,0.999999998453686,1.5463032621102275e-09,1.0765235613456805e-14,0.0,0.0
2025-11-20,6,1,0.0,0.9999999999999849,0.0,1.5196783562527046e-14,0.0,0.0
2025-11-21,6,1,0.0,0.9999999966599954,3.340004614185332e-09,6.466699968485275e-23,0.0,0.0
2025-11-24,6,1,0.0,0.9999999999994832,4.41949442295833e-18,5.167880262396783e-13,0.0,0.0
2025-11-25,6,1,0.0,0.9999346628934064,6.533710659353927e-05,4.674991228118194e-22,0.0,0.0
2025-11-26,6,1,0.0,0.9999979991524933,2.0008475066439023e-06,6.859838509495763e-22,0.0,0.0
2025-11-28,6,1,0.0,0.9999999999731852,2.6814764957334686e-11,1.3370137779926568e-39,0.0,0.0
2025-12-01,6,1,0.0,0.9999999999999991,0.0,8.481555162955582e-16,0.0,1.45190855439264e-80
2025-12-02,6,1,0.0,1.0,4.20430301124216e-39,9.574328860554263e-22,0.0,0.0
2025-12-03,6,1,0.0,0.9999999999998379,5.997163191454669e-23,1.619868045702719e-13,0.0,0.0
2025-12-04,6,1,0.0,0.9999999998986576,1.013421928719747e-10,1.3158048566705817e-16,0.0,0.0
2025-12-05,6,1,0.0,0.9999998546540452,1.453459039754526e-07,5.08826177978728e-14,0.0,0.0
2025-12-08,6,1,0.0,1.0,9.390842059726365e-24,2.550349560899824e-29,0.0,0.0
2025-12-09,5,1,0.0,0.9999998857016064,1.1429839374174108e-07,3.2141881002478015e-29,0.0,0.0
2025-12-10,5,1,0.0,0.9999998624452312,1.3755476880372388e-07,0.0,0.0,0.0
2025-12-11,5,1,0.0,0.9999999999985538,9.325618509537393e-13,5.136491042476329e-13,0.0,0.0
2025-12-12,5,1,0.0,0.9999995933679,4.0663209996620945e-07,0.0,0.0,0.0
2025-12-15,5,1,0.0,1.0,0.0,5.409227762243584e-19,0.0,0.0
2025-12-16,6,1,0.0,0.9999999999872453,1.071620094853861e-17,1.2754762117344398e-11,0.0,0.0
2025-12-17,6,1,0.0,0.9999999999999974,0.0,2.5317154420871663e-15,0.0,0.0
2025-12-18,6,1,0.0,0.9999999995133408,4.866591395162837e-10,4.756850552371056e-17,0.0,0.0
2025-12-19,6,1,0.0,1.0,0.0,5.55006689630408e-20,0.0,1.7471365589357208e-57
2025-12-22,6,1,0.0,0.999999360572993,6.39427007008613e-07,1.1490085577908438e-19,0.0,0.0
2025-12-23,6,1,0.0,0.9999999995636228,2.201828772306216e-16,4.363768314468773e-10,0.0,0.0
2025-12-24,6,1,0.0,0.9999935823407764,6.417659223502222e-06,2.2434357363972446e-22,0.0,0.0
2025-12-26,6,1,0.0,1.0,0.0,1.634607032161017e-23,0.0,2.667395435887941e-96
2025-12-29,6,1,0.0,0.9999735392831406,2.6460716859464416e-05,2.662992495561532e-19,0.0,0.0
2025-12-30,6,1,0.0,0.9872198838243105,0.012780116175627562,6.184475221081083e-14,0.0,0.0
2025-12-31,5,1,0.0,0.9999999878604902,0.0,1.2139509804019352e-08,0.0,0.0
2026-01-02,5,1,0.0,0.999999997662915,2.3370745546324466e-09,1.0387680720232444e-14,0.0,0.0
2026-01-05,5,1,0.0,0.9999999654636272,3.453637279340898e-08,2.5202706618992285e-20,0.0,9.48345939898837e-118
2026-01-06,5,1,0.0,0.9999973584135124,2.6415864875989146e-06,2.0953666785253087e-35,0.0,3.5223021990533854e-269
2026-01-07,5,1,0.0,1.0,0.0,4.266187111133112e-17,0.0,4.166394665682318e-262
2026-01-08,6,1,0.0,0.9999999999910829,0.0,8.917064581498923e-12,0.0,2.7117778293465546e-115
2026-01-09,6,1,0.0,0.9999890954441821,1.090455436564326e-05,1.4521740125278442e-12,0.0,4.0039122310475056e-22
2026-01-12,6,1,0.0,1.0,6.911949706325783e-18,3.4606257962751986e-20,0.0,0.0
2026-01-13,6,1,0.0,1.0,4.635420689967488e-72,5.293191390752855e-22,0.0,0.0
2026-01-14,6,1,0.0,0.9999999999990856,9.144121623225566e-13,2.82005966635476e-22,0.0,0.0
2026-01-15,6,1,0.0,0.9999937354600842,6.264539915779603e-06,9.611162802020735e-21,0.0,0.0
2026-01-16,6,1,0.0,0.9999999999999555,3.37843257001549e-42,4.450891590616626e-14,0.0,0.0
2026-01-20,6,1,0.0,1.0,0.0,1.0714316544159024e-23,0.0,0.0
2026-01-21,6,1,0.0,0.9999999963945985,0.0,3.6054014548957566e-09,0.0,0.0
2026-01-22,6,1,0.0,0.9999975999900403,2.4000099597261865e-06,5.501198498585299e-30,0.0,0.0
2026-01-23,6,1,0.0,0.9999927456248722,7.254375121196711e-06,6.500115509944727e-15,0.0,0.0
2026-01-26,6,1,0.0,0.9999999999999016,0.0,9.845735872905121e-14,0.0,0.0
2026-01-27,6,1,0.0,0.9999982972550209,1.7027449791246951e-06,2.2668233351642177e-44,0.0,0.0
2026-01-28,6,1,0.0,0.9999999998220183,1.779816974129281e-10,3.923706458581341e-21,0.0,0.0
2026-01-29,6,1,0.0,1.0,2.4899425568320395e-24,4.391585006141832e-18,0.0,0.0
2026-01-30,5,1,0.0,1.0,0.0,2.0734553762999592e-24,0.0,0.0
2026-02-02,5,3,0.0,2.953807281998326e-16,9.617251321050665e-67,0.9999999999999998,0.0,2.488043301397729e-279
2026-02-03,5,3,0.0,4.752294792598242e-07,0.0007346942263032762,0.9992648305442174,0.0,0.0
2026-02-04,5,3,0.0,0.026905599599827766,0.0,0.9730944004001721,0.0,0.0
2026-02-05,5,1,0.0,0.9999999574834751,4.251652486865192e-08,9.156697659719044e-18,0.0,0.0
2026-02-06,5,3,0.0,2.6813140853356824e-08,0.0,0.9999999731868592,0.0,0.0
2026-02-09,5,1,0.0,0.9999999790673664,2.0932633634918495e-08,2.3469767422500408e-23,0.0,0.0
2026-02-10,5,1,0.0,0.9999999992857106,0.0,7.142893002575944e-10,0.0,3.612332459784885e-80
2026-02-11,5,1,0.0,0.9999998382701215,5.381932937445512e-51,1.6172987857332115e-07,0.0,0.0
2026-02-12,5,2,0.0,7.812474371494199e-05,0.9999218752562851,7.341033282233687e-233,0.0,0.0
2026-02-13,6,1,0.0,0.9999999975016101,0.0,2.498389993572759e-09,0.0,0.0
